,user,tweet text,compound,positive,negative,neutral,tweets back
0,BBCWorld,John F Kennedy's lost 'last' speech recreated https://t.co/kDmfMyxpwz,-0.3182,0.0,0.277,0.723,1
1,BBCWorld,Tourists on an icebreaker ship witness Swiss pianist Gabriel Arnold play on the frozen surface of the northern Balt‚Ä¶ https://t.co/Z5xbhSUvPN,0.34,0.112,0.0,0.888,2
2,BBCWorld,"Slovakia protests: 65,000 join Bratislava anti-government protests https://t.co/AIMrcRo5wj",-0.1531,0.2,0.345,0.455,3
3,BBCWorld,Swiss pianist gives concert on ice in northern Baltic Sea https://t.co/cHRt7xrvvg,0.0,0.0,0.0,1.0,4
4,BBCWorld,The women bringing animated adventures to life https://t.co/hR9PIoSGVy,0.34,0.255,0.0,0.745,5
5,BBCWorld,Brazil protests over slain politician Marielle Franco https://t.co/XetlAjyryM,-0.2263,0.0,0.213,0.787,6
6,BBCWorld,"Terrified skiers jump off an out-of-control ski lift in Georgia 

https://t.co/osapCeZhsx https://t.co/Dn71j0AR4X",-0.6124,0.0,0.267,0.733,7
7,BBCWorld,Trump has encouraged poachers - Botswana https://t.co/E0fPOjysTV,0.3612,0.333,0.0,0.667,8
8,BBCWorld,"Have smaller weddings with less food, Uzbeks told https://t.co/h8DCeSDasL",0.0,0.0,0.0,1.0,9
9,BBCWorld,Two convicted 'honour' killers to be deported from Canada https://t.co/4FzBv83hq5,-0.6486,0.0,0.323,0.677,10
10,BBCWorld,"RT @BBC_HaveYourSay: What if the voice of reason telling you your wedding is OTT is your president?
https://t.co/imWE37DUps",0.0,0.0,0.0,1.0,11
11,BBCWorld,US couple accused of hoax kidnap win $2.5m settlement https://t.co/sneoRJ4Y2C,0.128,0.252,0.285,0.464,12
12,BBCWorld,Israeli soldiers killed in West Bank car attack https://t.co/aywkvTItBz,-0.8225,0.0,0.521,0.479,13
13,BBCWorld,Florida bridge collapse: Hope fades for more survivors https://t.co/rvOzLppyo8,-0.0772,0.221,0.244,0.534,14
14,BBCWorld,"RT @BBC_HaveYourSay: 'Milking' investors - Man starts mobile game, earns millions, then skips to Uruguay https://t.co/yyYXK1z2sB",0.0,0.0,0.0,1.0,15
15,BBCWorld,RT @BBCBreaking: UK police launch murder investigation after death of Russian businessman Nikolai Glushkov in south-west London https://t.c‚Ä¶,-0.8625,0.0,0.35,0.65,16
16,BBCWorld,Skiers jump from speeding lift in Georgia https://t.co/XWZx2DiVGD,0.0,0.0,0.0,1.0,17
17,BBCWorld,RT @MarkUrban01: 2/2 that some of these plausible narratives are being largely ignored online speaks to the degree that alternatives put fo‚Ä¶,-0.3182,0.0,0.099,0.901,18
18,BBCWorld,RT @MarkUrban01: 1/2 Alternatives to 'Putin ordered Skripal nerve agent hit' include: rogue Russian spooks did it; someone stole the Novich‚Ä¶,0.0,0.0,0.0,1.0,19
19,BBCWorld,India singer Daler Mehndi convicted for smuggling migrants https://t.co/WNVBZPRnUI,-0.4767,0.0,0.279,0.721,20
20,BBCWorld,Irrfan Khan: Bollywood actor has rare tumour https://t.co/7oVNdImTSa,0.0,0.0,0.0,1.0,21
21,BBCWorld,"Virtual cash helps cyber-thieves launder money, research suggests https://t.co/6ljr56lqBX",0.3818,0.245,0.0,0.755,22
22,BBCWorld,Jacob Zuma: Former South African president faces corruption trial https://t.co/K36RCPbhlq,0.0,0.0,0.0,1.0,23
23,BBCWorld,"RT @BBCBreaking: Fraud charges against former South African President Jacob Zuma are reinstated, prosecutors say https://t.co/mAcbB3bhaX",-0.7096,0.0,0.296,0.704,24
24,BBCWorld,Anger over 'Blackface' makeup segment on Pakistan TV https://t.co/YUlFyHjIFW,-0.5719,0.0,0.316,0.684,25
25,BBCWorld,"RT @BBCNews: ""Overwhelmingly likely"" that Vladimir Putin was personally responsible for ordering nerve agent attack in UK - Foreign Secreta‚Ä¶",-0.3182,0.1,0.201,0.699,26
26,BBCWorld,"Horst Seehofer: Islam does not belong to Germany, says new minister https://t.co/iwjOVNXTU2",0.0,0.0,0.0,1.0,27
27,BBCWorld,"RT @BBCMonitoring: ‚ö°Ô∏è Row over Pakistan TV ""blackface"" by @BBCMonitoring

https://t.co/Nm8xl6p5vg",0.0,0.0,0.0,1.0,28
28,BBCWorld,South African taxi team offers free rides to struggling elderly https://t.co/AUtp4JYxeC,0.128,0.219,0.185,0.596,29
29,BBCWorld,Emirates air hostess dies after fall from plane in Uganda https://t.co/FcvRSrGp0K,0.0,0.0,0.0,1.0,30
30,BBCWorld,"RT @BBCBreaking: Ahmed Hassan, 18, is convicted of attempted murder over the Parsons Green Tube bombing in London in September https://t.co‚Ä¶",-0.6908,0.0,0.19,0.81,31
31,BBCWorld,"RT @BBC_HaveYourSay: Moscow denies involvement in the Salisbury poisoning incident, but what does Russia suggest happened?
https://t.co/m31‚Ä¶",-0.5106,0.0,0.223,0.777,32
32,BBCWorld,"RT @BBCSport: Full Champions League quarter-final draw:

Barcelona üá™üá∏ v Roma üáÆüáπ
Sevilla üá™üá∏ v Bayern Munich üá©üá™
Juventus üáÆüáπ v Real Madrid üá™üá∏‚Ä¶",0.5267,0.145,0.0,0.855,33
33,BBCWorld,"Row over Pakistan TV ""blackface"" https://t.co/JqMdHOxANA",0.0,0.0,0.0,1.0,34
34,BBCWorld,Banksy protest artwork unveiled in New York https://t.co/VD2XCiSdGv,-0.25,0.0,0.222,0.778,35
35,BBCWorld,Malaysian 'snake-handling celebrity' dies of cobra bite https://t.co/vI2aIYrZ8R,0.0,0.0,0.0,1.0,36
36,BBCWorld,Spy poisoning: Russia 'underestimates UK allies' - Nato https://t.co/TIPMJ4UBdr,-0.7096,0.0,0.496,0.504,37
37,BBCWorld,Russian spy: Conspiracy theories and denial in Russia https://t.co/Ni66150K39,-0.5267,0.0,0.298,0.702,38
38,BBCWorld,Mugabe's bare-knuckled challenge to Mnangagwa's legitimacy https://t.co/92RUuDrYWx,0.0772,0.178,0.0,0.822,39
39,BBCWorld,Syria war: Thousands flee twin offensives in Afrin and Ghouta https://t.co/5DaRpsLzc3,-0.6908,0.0,0.388,0.612,40
40,BBCWorld,Madrid protests: Street vendor's death sparks violent clashes https://t.co/oscsrNSU3i,-0.8658,0.0,0.618,0.382,41
41,BBCWorld,"RT @BBCNewsAsia: North Korea's foreign minister is in Sweden for a surprise visit, ahead of a possible meeting between US President Donald‚Ä¶",0.2732,0.1,0.0,0.9,42
42,BBCWorld,Besiktas charged by Uefa after cat wanders on to pitch during Bayern Munich game https://t.co/z6gFAv5Qye,-0.2023,0.0,0.114,0.886,43
43,BBCWorld,Nerve agent attacks: How Malaysia responded compared to the UK https://t.co/wLbJ3DZtod,-0.4404,0.0,0.225,0.775,44
44,BBCWorld,North Korean foreign minister in surprise trip to Sweden https://t.co/mbCiWzArz4,0.2732,0.189,0.0,0.811,45
45,BBCWorld,US aircraft crashes in western Iraq https://t.co/gqte7wrxLa,0.0,0.0,0.0,1.0,46
46,BBCWorld,RT @BBCNewsAsia: Officials in the Indian state of Uttarakhand have saved a wild elephant from drowning in the Ganges river üêò https://t.co/a‚Ä¶,0.4215,0.128,0.0,0.872,47
47,BBCWorld,US opioid crisis: Seattle's battle over safe injection plan https://t.co/FptmaNANfx,-0.5859,0.175,0.404,0.422,48
48,BBCWorld,Africa's week in pictures: 9-15 March 2018 https://t.co/XfKNyfhgAj,0.0,0.0,0.0,1.0,49
49,BBCWorld,"Quiz: The Finns are happy, but who is not? https://t.co/CWE6g7M6Pb",0.3291,0.207,0.0,0.793,50
50,BBCWorld,Rome's rubbish: The people trying to solve the problem https://t.co/VPoih4DI5x,-0.2263,0.144,0.216,0.64,51
51,BBCWorld,'You never get used to living like this' https://t.co/J1M7I50jUp,0.3612,0.238,0.0,0.762,52
52,BBCWorld,Keeping faith in Putin despite poverty https://t.co/OWeBgW2vJs,0.6707,0.524,0.0,0.476,53
53,BBCWorld,Vanessa Trump files for divorce from Donald Trump Jr - US media https://t.co/BuuFXBSJPn,0.0,0.0,0.0,1.0,54
54,BBCWorld,How I saw Stephen Hawking's death as a disabled person https://t.co/OLa3CTtLzO,-0.5994,0.0,0.328,0.672,55
55,BBCWorld,Zimbabwe's ousted Robert Mugabe: 'We must undo this disgrace' https://t.co/hKuECL3vmm,-0.5789,0.0,0.294,0.706,56
56,BBCWorld,Israel court suspends plan to deport African migrants https://t.co/91E3r1soqj,0.0,0.0,0.0,1.0,57
57,BBCWorld,"RT @BBCkatyaadler: Danish PM @larsloekke talks to me about #Brexit negotiations: ‚ÄúEven though I love Britain, I have to protect Danish busi‚Ä¶",0.7783,0.274,0.0,0.726,58
58,BBCWorld,Rihanna criticises Snapchat over abuse ad https://t.co/LriWYzYchv,-0.7579,0.0,0.565,0.435,59
59,BBCWorld,"RT @BBCSport: Tiger Woods continues his impressive form.

He's in contention after his first round at the Arnold Palmer Invitational in Flo‚Ä¶",0.5106,0.136,0.0,0.864,60
60,BBCWorld,Crown Prince warns Saudis will get nuclear bomb if Iran does https://t.co/RLbzmbbN4T,-0.5574,0.0,0.315,0.685,61
61,BBCWorld,Platypus milk: How it could combat superbugs https://t.co/9Ddg8Dzg4j,-0.34,0.0,0.255,0.745,62
62,BBCWorld,"""We have multiple victims."" Authorities in Miami say 8 vehicles have been trapped in the Florida bridge collapse an‚Ä¶ https://t.co/s8V03q11u1",-0.765,0.0,0.28,0.72,63
63,BBCWorld,Slovakia or Slovenia? A handy guide https://t.co/g1Db9gfsCo,0.0,0.0,0.0,1.0,64
64,BBCWorld,Bad blood: The rise and fall of Theranos and Elizabeth Holmes https://t.co/Ly0sjiQ6jc,-0.5423,0.0,0.241,0.759,65
65,BBCWorld,How likely is it Russia poisoned ex-spy? https://t.co/UlVmUJb8Ij,-0.4939,0.0,0.314,0.686,66
66,BBCWorld,Pictures show collapsed pedestrian bridge at Florida International University in Miami that has resulted in several‚Ä¶ https://t.co/Q2g3Fgcc3K,-0.2732,0.0,0.116,0.884,67
67,BBCWorld,Miami bridge: 'People trapped' after collapse at university https://t.co/UcW4LyNyvD,-0.765,0.0,0.485,0.515,68
68,BBCWorld,South Africa: Danish 'FGM' man gets life in jail https://t.co/1b07z79N5x,0.0,0.0,0.0,1.0,69
69,BBCWorld,Florida university bridge collapses 'leaving people trapped' https://t.co/4C7DN7oInR,-0.6808,0.0,0.483,0.517,70
70,BBCWorld,Trump 'admitted making up figures to Justin Trudeau' https://t.co/q6Tq5JlNgE,0.1027,0.149,0.0,0.851,71
71,BBCWorld,France seeks arrest of Saudi king's daughter https://t.co/cGX5YyRI9I,-0.34,0.0,0.255,0.745,72
72,BBCWorld,Trump says it 'looks like' Russia behind nerve agent attack https://t.co/G0XsFRn2et,-0.1531,0.171,0.212,0.616,73
73,BBCWorld,Slovakia journalist: Prime Minister Fico replaced amid scandal https://t.co/d6f13J6cqr,-0.4404,0.0,0.266,0.734,74
74,BBCWorld,Saudi Arabia pledges to create a nuclear bomb if Iran does https://t.co/kxQWeUqP8M,-0.2732,0.147,0.224,0.629,75
75,BBCWorld,"""These are truly wonderful people, we love them"" - US President Donald Trump welcomes Irish PM Leo Varadkar to the‚Ä¶ https://t.co/emZh3dLVHa",0.926,0.458,0.0,0.542,76
76,BBCWorld,"""It certainly looks like the Russians were behind it... we're taking it very seriously"" - US President Donald Trump‚Ä¶ https://t.co/hQgFwiq6BH",0.4417,0.214,0.087,0.699,77
77,BBCWorld,"RT @BBCJonSopel: .@realDonaldTrump comments on #SalisburyChemicalAttack and says ""looks like the Russians were behind it. Something that sh‚Ä¶",0.3612,0.128,0.0,0.872,78
78,BBCWorld,RT @BBCBreaking: US places sanctions on Russians accused of meddling in the 2016 presidential election https://t.co/0B7WVKRmf0,-0.296,0.0,0.128,0.872,79
79,BBCWorld,Mariam Moustafa: Egyptian teen's Nottingham death sparks anger https://t.co/gSbOYqc4mN,-0.8225,0.0,0.521,0.479,80
80,BBCWorld,US imposes sanctions on 19 Russians https://t.co/b6JQJxaOay,-0.1027,0.0,0.189,0.811,81
81,BBCWorld,Kenyan nurse handed brain surgeon the wrong patient https://t.co/cKI6RehsTo,-0.4767,0.0,0.279,0.721,82
82,BBCWorld,Marmite maker to move to Netherlands https://t.co/fKe0wL37g1,0.0,0.0,0.0,1.0,83
83,BBCWorld,Russian aeroplane loses gold-silver bars on take-off https://t.co/NKS9ek1YKE,-0.3182,0.0,0.247,0.753,84
84,BBCWorld,Oklahoma mother will go to jail for marrying her daughter https://t.co/piSYepFblv,0.0,0.0,0.0,1.0,85
85,BBCWorld,"Don't ""Let It Go"" - 'Elsa' from Frozen rescues Boston police van stuck in snow ‚ùÑÔ∏è

https://t.co/reJZ5yUVAg https://t.co/GdsYLbfW5o",0.0772,0.119,0.104,0.777,86
86,BBCWorld,"RT @BBCBreaking: Ex-spy poisoning first offensive use of nerve agent in Europe since World War II - UK, US, France and Germany say https://‚Ä¶",-0.8934,0.0,0.349,0.651,87
87,BBCWorld,Allies condemn chemical attack on ex-spy https://t.co/hBtlZtW9D1,-0.6908,0.0,0.533,0.467,88
88,BBCWorld,'Elsa' from Frozen rescues police van https://t.co/HDNKRDyuPz,0.3182,0.277,0.0,0.723,89
89,BBCWorld,Uzbek transport police banned from hiding behind trees https://t.co/H8lLQfihFd,-0.6369,0.0,0.426,0.574,90
90,BBCWorld,Charleston church gunman Dylann Roof's sister in knife arrest https://t.co/3z6twpnuBh,-0.34,0.0,0.211,0.789,91
91,BBCWorld,RT @BBCNewsGraphics: Why is there a war in Syria? https://t.co/CMQOdjQNzr Find out how a peaceful uprising against the president of Syria t‚Ä¶,-0.1779,0.127,0.155,0.717,92
92,BBCWorld,Syria war: Thousands flee Eastern Ghouta as army advances https://t.co/uHWOABTovg,-0.5994,0.0,0.302,0.698,93
93,BBCWorld,Pope Francis: Vatican doctors letter from former Pope Benedict https://t.co/uP1XljHH98,0.0,0.0,0.0,1.0,94
94,BBCWorld,"RT @BBCNews: ""Frankly Russia should go away, it should shut up"" - UK Defence Secretary Gavin Williamson asked about Russia's response to it‚Ä¶",0.1027,0.062,0.0,0.938,95
95,BBCWorld,Rio city councillor Franco killed in drive-by shooting https://t.co/VZevOGVffw,-0.6705,0.0,0.36,0.64,96
96,BBCWorld,Happiness report: Finland is world's 'happiest country' - UN https://t.co/SuMAScSJip,0.8316,0.527,0.0,0.473,97
97,BBCWorld,Irish PM Varadkar set to meet US President Trump https://t.co/9ADcWqY2zm,0.0,0.0,0.0,1.0,98
98,BBCWorld,"RT @BBCNews: UK will invest ¬£48m in new chemical weapons defence centre, to maintain UK's ""cutting edge"" in the field, Defence Secretary Ga‚Ä¶",-0.3818,0.107,0.168,0.725,99
99,BBCWorld,"RT @BBCNews: ""The Kremlin is ripping up the international rule book,"" says UK Defence Secretary Gavin Williamson, undermining countries aro‚Ä¶",-0.2732,0.064,0.114,0.822,100
0,CNN,"President Trump may complain about American cars being locked out of the Japanese auto market but, experts say, tha‚Ä¶ https://t.co/nKh61JtANx",-0.1901,0.0,0.084,0.916,1
1,CNN,RT @CNNSitRoom: Democratic Rep. Garamendi: ‚ÄúThis Presidency is a very serious security threat to the United States‚Äù https://t.co/CAUNIM0XaP‚Ä¶,0.0571,0.231,0.221,0.548,2
2,CNN,The US pushes for changes to the Iran deal as President Trump signals a tougher stance https://t.co/jlDYogbzrB https://t.co/7CFLPIEX4u,0.1779,0.096,0.0,0.904,3
3,CNN,Tariff tutorial: what the 45th US President could learn from the 25th | By John Kirby via @CNNOpinion‚Ä¶ https://t.co/AxnKAghXzB,0.0,0.0,0.0,1.0,4
4,CNN,"The Academy of Motion Pictures Arts and Sciences, the group behind on the Oscars, is investigating allegations of s‚Ä¶ https://t.co/Yn0zVaop0N",0.0,0.0,0.0,1.0,5
5,CNN,Thousands of people gathered in Slovakia's capital city to protest against the government and pay tribute to murder‚Ä¶ https://t.co/TphLFTABVH,-0.34,0.0,0.167,0.833,6
6,CNN,"Education Secretary Betsy DeVos and Washington Sen. Patty Murray, the top Democrat on the Senate's education panel,‚Ä¶ https://t.co/greo94ZBXD",0.2023,0.096,0.0,0.904,7
7,CNN,New satellite imagery examined by Western experts suggests North Korea has begun preliminary testing of one of its‚Ä¶ https://t.co/JawfIsT74b,0.0,0.0,0.0,1.0,8
8,CNN,"Though HIV rates across the US are stable, at least two spots -- Beaver County, Pennsylvania, and Milwaukee -- show‚Ä¶ https://t.co/IchWshO1bN",0.296,0.099,0.0,0.901,9
9,CNN,White House press secretary Sarah Sanders wouldn't say whether Russian President Vladimir Putin was a friend or a f‚Ä¶ https://t.co/XTBp5HzcwX,0.4939,0.158,0.0,0.842,10
10,CNN,"The White House is gearing up for a bruising fight over the nomination of President Trump's pick to head the CIA, G‚Ä¶ https://t.co/dTREDYchTR",-0.3818,0.0,0.11,0.89,11
11,CNN,"The Vatican has removed Archbishop Anthony Apuron of Guam from office.

A news release did not specify exactly what‚Ä¶ https://t.co/9VrEgLAj8P",0.0,0.0,0.0,1.0,12
12,CNN,"""I guess it never really occurred to me that I wouldn't always get to have that old-fashioned toy store experience‚Ä¶ https://t.co/Q1PvzzJDPO",0.0,0.0,0.0,1.0,13
13,CNN,"A pro-Trump group has hired Carl Higbie, who shared an N-Word laden post written by someone else on Facebook in 201‚Ä¶ https://t.co/KXnx2TqAZe",0.34,0.107,0.0,0.893,14
14,CNN,"Saudi Arabia will develop nuclear weapons if Iran does the same, said Crown Prince Mohammed bin Salman, Saudi's def‚Ä¶ https://t.co/MLHmQAELbx",-0.4404,0.0,0.132,0.868,15
15,CNN,"On Saturday, 1.7 million South Australians will vote in what many are describing as the most exciting electoral rac‚Ä¶ https://t.co/LvVsumtxAW",0.5413,0.155,0.0,0.845,16
16,CNN,"""Is there anything in the litany of accusations -- you would call them facts -- that surround this case that happen‚Ä¶ https://t.co/LL9FHkK0iI",-0.3182,0.0,0.099,0.901,17
17,CNN,.@jaketapper: Can we pause and consider the notion that ‚Äî as the country waits in suspense to see who President Tru‚Ä¶ https://t.co/O1gHTQ9PEv,0.0,0.0,0.0,1.0,18
18,CNN,"RT @TheLeadCNN: ""Is there anything in the litany of accusations -- you would call them facts -- that surround this case that happened while‚Ä¶",-0.3182,0.0,0.091,0.909,19
19,CNN,"Tapper: You say your client, Stormy Daniels, felt ‚Äúphysically threatened‚Äù to stay silent about what she knew about‚Ä¶ https://t.co/eAj46BO7cx",0.0,0.0,0.0,1.0,20
20,CNN,Lyft tests a $199 monthly subscription plan for rides https://t.co/BEk43Na2Ve https://t.co/EsZqc4qTQW,0.0,0.0,0.0,1.0,21
21,CNN,RT @CNNPolitics: Attorney Michael Avenatti says his client Stormy Daniels will reveal details about her claim that she was physically threa‚Ä¶,0.0,0.0,0.0,1.0,22
22,CNN,"As rumors of yet another staff shakeup loom over the White House, chief of staff John Kelly and White House officia‚Ä¶ https://t.co/E6RIeBLZxf",-0.3612,0.0,0.149,0.851,23
23,CNN,Two US representatives have introduced a bill that would put quarters featuring prominent women from American histo‚Ä¶ https://t.co/9F3bJ9Dm0s,0.3182,0.126,0.0,0.874,24
24,CNN,RT @TheLeadCNN: .@jaketapper: Can we pause and consider the notion that ‚Äî as the country waits in suspense to see who President Trump will‚Ä¶,0.0,0.0,0.0,1.0,25
25,CNN,"Secretary of State Rex Tillerson thanked agency staff and called his service at the State Department ""one of the gr‚Ä¶ https://t.co/hYYJ0uqOuM",0.4404,0.127,0.0,0.873,26
26,CNN,"Following a New York helicopter crash in which five passengers died, the FAA has ordered no more ""doors-off"" aircra‚Ä¶ https://t.co/ktg6BfwbHq",-0.8176,0.0,0.347,0.653,27
27,CNN,President Trump's staffing upheavals come in spurts | Analysis by CNN's Sam Petulla https://t.co/7pjZKe1H6F https://t.co/knFbMFqr8v,0.0,0.0,0.0,1.0,28
28,CNN,"The US government has accused Russia of remotely targeting the US power grid, as part of its newly unveiled sanctio‚Ä¶ https://t.co/7yE2m1r4Vp",-0.296,0.0,0.099,0.901,29
29,CNN,Facebook has apologized after its autocomplete search feature suggested video titles that described child abuse‚Ä¶ https://t.co/EgQJDGvKjT,0.3182,0.133,0.0,0.867,30
30,CNN,National Geographic has more work to do on race | By Kerra Bolton via @CNNOpinion https://t.co/9CNskmP6J1 https://t.co/dYUfPJVHNa,0.0,0.0,0.0,1.0,31
31,CNN,This officer missed the Florida bridge collapse by seconds as she stopped at a red light. When she realized what ha‚Ä¶ https://t.co/Hulr6hhwUI,-0.743,0.0,0.289,0.711,32
32,CNN,Wells Fargo's CEO got a 36% raise after one of the darkest years in the bank's history https://t.co/iTLDmdcbFr https://t.co/3Dwu5O2BTD,-0.296,0.094,0.151,0.755,33
33,CNN,Sean Hannity jabs Shep Smith in a sign of the divide between Fox News' opinion programming and the news division‚Ä¶ https://t.co/H6nhnEquf4,0.0,0.0,0.0,1.0,34
34,CNN,"On school safety, inaction is not an option, says @BetsyDeVos; Even those who have disagreed in the past must now w‚Ä¶ https://t.co/fhLHsSDoiL",-0.128,0.107,0.165,0.728,35
35,CNN,Nearly two-thirds of Americans are concerned they can no longer distinguish fake news from quality journalism online https://t.co/QNP3dU1FPo,-0.6486,0.0,0.249,0.751,36
36,CNN,RT @CNNPolitics: Sanders declines to get into details of US preparation for a meeting with North Korean leader Kim Jong Un: ‚ÄúWe‚Äôre continui‚Ä¶,0.0,0.0,0.0,1.0,37
37,CNN,A custodian at a school in South Carolina stole $180 from students' book bags while they participated in the Nation‚Ä¶ https://t.co/dAXFL649tc,0.0,0.0,0.0,1.0,38
38,CNN,"White House press secretary Sarah Sanders: ""We're highly confident and certainly very excited"" about the nomination‚Ä¶ https://t.co/MIfaEZwKHj",0.8338,0.387,0.0,0.613,39
39,CNN,Press secretary Sarah Sanders says chief of staff John Kelly spoke with White House staffers and assured them that‚Ä¶ https://t.co/0Kqi4cQmhe,0.3612,0.116,0.0,0.884,40
40,CNN,Snapchat lost $800 million after Rihanna tore into the company for allowing an offensive ad to appear on its app‚Ä¶ https://t.co/MYLmZ4f8iJ,-0.6486,0.0,0.218,0.782,41
41,CNN,"President Trump's pick for the UN migration job regularly pushed anti-Muslim sentiment, including claims that Musli‚Ä¶ https://t.co/J0Pj3bydYy",0.0,0.0,0.0,1.0,42
42,CNN,Women who work for Goldman Sachs in the United Kingdom are paid 56% less on average than their male colleagues https://t.co/c5x74bVPA7,0.4215,0.123,0.0,0.877,43
43,CNN,"Toys ""R"" Us may be closing up shop, but several independent local toy store owners say they're doing just fine‚Ä¶ https://t.co/KeqB6KBQjK",0.0,0.0,0.0,1.0,44
44,CNN,A murder investigation has been launched into the death of Russian businessman Nikolai Glushkov following the resul‚Ä¶ https://t.co/kbbHqmuwrB,-0.8442,0.062,0.357,0.581,45
45,CNN,Terrifying video shows people being violently thrown into the air after a ski lift malfunctioned‚Ä¶ https://t.co/ag2Rehy3mi,-0.8176,0.0,0.366,0.634,46
46,CNN,Here's how you can watch and stream every single NCAA tournament game live #MarchMadness https://t.co/exH5spjR98 https://t.co/hixzXnAOkH,0.0,0.0,0.0,1.0,47
47,CNN,"Microsoft fired roughly 20 employees for sexual harassment complaints filed in the course of a single year, accordi‚Ä¶ https://t.co/voaQ3ujytX",-0.8689,0.0,0.395,0.605,48
48,CNN,"RT @CNNnewsroom: ""Vladimir Putin is flexing his muscle around the world. It's somewhat disturbing to hear that his popularity is at an all‚Ä¶",0.024,0.114,0.111,0.775,49
49,CNN,"An Alabama lawmaker says he's against arming teachers because most are women and ""are scared of guns""‚Ä¶ https://t.co/h9v7zmvOxt",-0.4404,0.0,0.146,0.854,50
50,CNN,She was the first person in her family to go to college. Now she‚Äôs been appointed to a statewide committee in Calif‚Ä¶ https://t.co/C8oT8EkAST,0.0,0.0,0.0,1.0,51
51,CNN,"Bollywood star Irrfan Khan, best known in the US for roles in ""Life Of Pi,"" ""Slumdog Millionaire"" and ""The Amazing‚Ä¶ https://t.co/0ZpFYZp0Ph",0.6369,0.174,0.0,0.826,52
52,CNN,"If you're planning to fly with your dog, here are @CNNTravel's tips on how to do it safely https://t.co/28NYWEshnQ",0.4939,0.151,0.0,0.849,53
53,CNN,"UK's top diplomat Boris Johnson says it is ""overwhelmingly likely"" that Russian President Vladimir Putin personally‚Ä¶ https://t.co/WYHXyg46ND",0.0772,0.098,0.082,0.82,54
54,CNN,"GOP Sen. Jeff Flake in New Hampshire: ""I hope that someone does run the Republican primary, somebody to challenge t‚Ä¶ https://t.co/srcecvhZX4",0.4939,0.181,0.0,0.819,55
55,CNN,RT @CNNPhotos: The week in 35 photos: https://t.co/jAex4xBPw1 https://t.co/VrC8YsilLE,0.0,0.0,0.0,1.0,56
56,CNN,Two people were killed and three more were injured in a car ramming attack on Friday afternoon in the northern West‚Ä¶ https://t.co/cma1vy6g9R,-0.8905,0.0,0.37,0.63,57
57,CNN,"Clarissa is about to explain it all again.

Melissa Joan Hart, who starred in the hit Nickelodeon series ""Clarissa‚Ä¶ https://t.co/uykJA9aOOw",0.0,0.0,0.0,1.0,58
58,CNN,The European Union has published a long list of American products it could target if President Trump moves forward‚Ä¶ https://t.co/nFFV1dnZe8,0.0,0.0,0.0,1.0,59
59,CNN,Snapchat lost $800 million after Rihanna tore into the company for allowing an offensive ad to appear on its app‚Ä¶ https://t.co/cLiXFmqjtv,-0.6486,0.0,0.218,0.782,60
60,CNN,"Next month, Spotify will begin trading on the New York Stock Exchange with a public debut unlike any other.

Execs‚Ä¶ https://t.co/Fzk4WqSHkK",0.0,0.0,0.0,1.0,61
61,CNN,"RT @CNNnewsroom: Democratic Rep. David Cicilline: ""This is a President who will criticize virtually anybody... But somehow he can't find it‚Ä¶",-0.3818,0.0,0.12,0.88,62
62,CNN,"The lawyer representing Stormy Daniels, the porn star suing President Trump, claims that she has faced physical thr‚Ä¶ https://t.co/oNxMMvlCSN",-0.2732,0.0,0.104,0.896,63
63,CNN,A resolution denouncing white supremacists didn't even make it out of committee in Tennessee https://t.co/NVO8py3uqp https://t.co/XbUVFWSEjv,-0.25,0.0,0.125,0.875,64
64,CNN,The House playing field just keeps tipping toward Democrats | Analysis by @CillizzaCNN https://t.co/Kt6QUEayD1 https://t.co/hudnGgf9fo,0.2023,0.122,0.0,0.878,65
65,CNN,A custodian at a school in South Carolina stole $180 from students' book bags while they participated in the Nation‚Ä¶ https://t.co/c79XGvYYbO,0.0,0.0,0.0,1.0,66
66,CNN,"The school attended by President Trump's youngest son, Barron Trump, joined an open letter demanding the President‚Ä¶ https://t.co/rORRBenjYY",-0.2263,0.0,0.101,0.899,67
67,CNN,"Felix Sater, the Russian-born onetime business associate of Donald Trump, says the then-business magnate asked him‚Ä¶ https://t.co/gGWElySsmZ",0.0,0.0,0.0,1.0,68
68,CNN,"JUST IN: New York Democratic Rep. Louise Slaughter has died following injuries sustained from a fall, her office sa‚Ä¶ https://t.co/ueOfLYQhfx",-0.5574,0.0,0.167,0.833,69
69,CNN,All 7 US military members on board a helicopter that crashed Thursday in western Iraq near the Syrian border were k‚Ä¶ https://t.co/xZAkLupT80,0.0,0.0,0.0,1.0,70
70,CNN,"People thought they were donating to wounded veterans. Prosecutors say that $150,000+ was used by con artists for d‚Ä¶ https://t.co/6n3niekm7A",0.0,0.0,0.0,1.0,71
71,CNN,"President Trump accused Japan of using a ""bowling ball test"" to cheat US auto companies out of selling cars to Japa‚Ä¶ https://t.co/g7fuNcbxuz",-0.6369,0.0,0.215,0.785,72
72,CNN,The dog mistakenly flown to Japan by United has made it home to his family https://t.co/fNfieU1Spk https://t.co/OqrhWE9MhA,0.1531,0.14,0.11,0.75,73
73,CNN,President Trump's very public embarrassment of H.R. McMaster | Analysis by @CillizzaCNN https://t.co/u6nZI5sW7E https://t.co/YEhEckAIon,-0.4902,0.0,0.209,0.791,74
74,CNN,"UK's top diplomat Boris Johnson says it is ""overwhelmingly likely"" that Russian President Vladimir Putin personally‚Ä¶ https://t.co/7WGhgRj2F5",0.0772,0.098,0.082,0.82,75
75,CNN,Juul e-cigarettes are high-nicotine devices that closely resemble flash drives. They've become a sensation among te‚Ä¶ https://t.co/euzXECViJN,0.0,0.0,0.0,1.0,76
76,CNN,"Five women who say Bill Cosby sexually assaulted them will be allowed to testify in his retrial, a Pennsylvania jud‚Ä¶ https://t.co/WW5St1BFvv",-0.5267,0.0,0.152,0.848,77
77,CNN,"The lawyer representing Stormy Daniels, the porn star suing President Trump, claims that she has faced physical thr‚Ä¶ https://t.co/NCDhtrThPZ",-0.2732,0.0,0.104,0.896,78
78,CNN,"Meghan McCain to Liz Cheney: ""My father doesn't need torture explained to him"" https://t.co/Io1CKypvPU https://t.co/zuyY5vtAql",0.4847,0.183,0.0,0.817,79
79,CNN,"If President Vladimir Putin's aim was to become the most incendiary, corrosive influence on American politics, he s‚Ä¶ https://t.co/LJPJVT2xtr",0.0,0.0,0.0,1.0,80
80,CNN,Nearly two-thirds of Americans are concerned they can no longer distinguish fake news from quality journalism online https://t.co/4oKzpWGGTX,-0.6486,0.0,0.249,0.751,81
81,CNN,#FactsFirst https://t.co/OkjhcHoE7M,0.0,0.0,0.0,1.0,82
82,CNN,"Republican Sen. Jeff Flake, a vocal critic of President Trump, will stop in the early presidential primary state of‚Ä¶ https://t.co/YCLh2gBm5t",-0.5106,0.0,0.202,0.798,83
83,CNN,"NFL gear sales are up 40% this year, according to Fanatics, which manages the online stores of nearly every pro spo‚Ä¶ https://t.co/AgQxPl1c0m",0.0,0.0,0.0,1.0,84
84,CNN,"RT @NewDay: Kara Swindle, whose dog Irgo was mistakenly flown to Japan by United Airlines, says the airline was ""going to just send him bac‚Ä¶",-0.4215,0.092,0.184,0.724,85
85,CNN,"Russia will expand its own ""blacklist"" of Americans in response to new US sanctions announced by the Trump administ‚Ä¶ https://t.co/wbYbx8JywJ",0.3182,0.108,0.0,0.892,86
86,CNN,"Donald Trump Jr. and his wife Vanessa Trump are separating, they announced in a joint statement‚Ä¶ https://t.co/MTMBfAc2wc",0.0,0.0,0.0,1.0,87
87,CNN,"RT @NewDay: ""It was just instant tears. I didn't even know what to think. I was just so worried about where my dog was"": Kara Swindle descr‚Ä¶",-0.8001,0.0,0.271,0.729,88
88,CNN,"Irgo, the dog mistakenly flown to Japan by United Airlines, has finally been reunited with his family. More than 11‚Ä¶ https://t.co/2p1JSQrV4m",0.1531,0.117,0.092,0.792,89
89,CNN,"47 more individuals have become ill with salmonella linked to products containing the Southeast Asian plant kratom,‚Ä¶ https://t.co/bPqUaSguLS",-0.4215,0.0,0.141,0.859,90
90,CNN,"For 30 years, @camanpour has covered stories all over the world of people living under extreme conditions like war‚Ä¶ https://t.co/4JesVc9saN",0.3612,0.116,0.0,0.884,91
91,CNN,"Five women who say Bill Cosby sexually assaulted them will be allowed to testify in his retrial, a Pennsylvania jud‚Ä¶ https://t.co/AuUalSxiiD",-0.5267,0.0,0.152,0.848,92
92,CNN,"""We are the forgotten people"": It's been almost six months since Hurricane Maria, and Puerto Ricans are still dying‚Ä¶ https://t.co/SKkLB6UDCC",-0.2263,0.0,0.091,0.909,93
93,CNN,JUST IN: All 7 US military members on board a helicopter that crashed Thursday in western Iraq near the Syrian bord‚Ä¶ https://t.co/w99VfvtvzN,0.0,0.0,0.0,1.0,94
94,CNN,Juul e-cigarettes are high-nicotine devices that closely resemble flash drives. They've become a sensation among te‚Ä¶ https://t.co/vtZXl23FoR,0.0,0.0,0.0,1.0,95
95,CNN,"5 things for Friday:

- Bridge collapse
- Russia investigation
- Saudi Arabia
- Egyptian teen
- Weather‚Ä¶ https://t.co/R3RrdfJtQV",-0.4939,0.0,0.211,0.789,96
96,CNN,It wasn't Amazon and the growth of online shopping that killed Toys R Us. It was an unpleasant shopping experience‚Ä¶ https://t.co/BKkLVQ9A96,-0.7592,0.094,0.329,0.577,97
97,CNN,Florida Sen. Marco Rubio says cables that suspended the bridge had loosened and were being tightened when it collap‚Ä¶ https://t.co/xPrUXCLo7L,-0.4767,0.0,0.14,0.86,98
98,CNN,"At least 6 people dead after a pedestrian bridge near Florida International University suddenly collapsed, crushing‚Ä¶ https://t.co/sBAXFYwBWX",-0.7506,0.0,0.33,0.67,99
99,CNN,"Jennifer Lopez, a vocal advocate for the Time's Up movement as Hollywood and other industries crack down on sexual‚Ä¶ https://t.co/BxOY6GXaxo",0.0,0.0,0.0,1.0,100
0,CBSNews,"RT @CBSEveningNews: He was deported 5 times, then accused of killing Kate Steinle

Now he's suing the federal government. John Blackstone l‚Ä¶",-0.8271,0.0,0.326,0.674,1
1,CBSNews,"""Why do you think President Putin is so popular among Russians?""
""Because in the eyes of most of the people, he is‚Ä¶ https://t.co/O1DDEhEJKo",0.5598,0.141,0.0,0.859,2
2,CBSNews,"""More than a year in office, more than 20 top aides [under Pres. Trump] have either resigned, been fired or reassig‚Ä¶ https://t.co/sMXu8pCsxg",-0.5478,0.08,0.218,0.701,3
3,CBSNews,"""Sources tell CBS News [H.R.] McMaster is likely to lose his job,"" @Jerickaduncan reports. ""The three-star general‚Ä¶ https://t.co/yTta2sPScw",-0.4019,0.0,0.137,0.863,4
4,CBSNews,"RT @CBSEveningNews: Surveillance video of the Pulse nightclub shooting in Orlando where 49 people were killed was released today

@CBSMMill‚Ä¶",-0.6705,0.0,0.191,0.809,5
5,CBSNews,"RT @CBSEveningNews: The search and rescue phase is over, and now crews are working non-stop to recover bodies from the @FIU bridge collapse‚Ä¶",0.5106,0.13,0.0,0.87,6
6,CBSNews,"In his first American television interview, Saudi crown prince says Iran's Ayatollah Khamenei is ""very much like Hi‚Ä¶ https://t.co/XCcf9qZGuT",0.4173,0.134,0.0,0.866,7
7,CBSNews,"Jimmy Kimmel says he will file ""official complaint"" against Trump Organization after finding that a number of the c‚Ä¶ https://t.co/kQZpH15hQN",-0.2263,0.063,0.107,0.829,8
8,CBSNews,"Missouri defends 241-year prison sentence for man who committed robbery, other crimes on a single day when he was 1‚Ä¶ https://t.co/zOgn7Znvpe",-0.2263,0.143,0.139,0.717,9
9,CBSNews,"Two years after astronaut Scott Kelly's longest single spaceflight in U.S. history, NASA has released new research‚Ä¶ https://t.co/nDbTPckUzZ",0.0,0.0,0.0,1.0,10
10,CBSNews,Authorities say a one-year-old dog is recovering after children injected the animal with cocaine in Pennsylvania‚Ä¶ https://t.co/ehgt2bYjcJ,0.0,0.0,0.0,1.0,11
11,CBSNews,Pres. Trump nudges Nevada businessman and frequent GOP political candidate Danny Tarkanian from Senate race into Ho‚Ä¶ https://t.co/jgHRoPlUo0,0.0,0.0,0.0,1.0,12
12,CBSNews,"After more than 20 years of working abroad, man returns home to Romania to find he's been declared dead‚Ä¶ https://t.co/unaYNDrjhd",0.0,0.0,0.0,1.0,13
13,CBSNews,Black man who was severely beaten during Charlottesville white nationalist rally -- and then charged with misdemean‚Ä¶ https://t.co/O9JrNy1RaM,-0.765,0.0,0.336,0.664,14
14,CBSNews,"After Martin Shkreli was sentenced to seven years in prison, here‚Äôs what could happen to the Wu-Tang Clan album pur‚Ä¶ https://t.co/FMuBLYyINy",-0.5267,0.0,0.188,0.812,15
15,CBSNews,Two top Democrats claim they have evidence that staffers at the State Department were removed for political reasons‚Ä¶ https://t.co/h4Jyo0z7Pv,0.2023,0.091,0.0,0.909,16
16,CBSNews,".@PressSec: ""General McMaster is a dedicated public servant, and he is here focused...on some really big issues --‚Ä¶ https://t.co/6o8a8DhTuN",0.4588,0.15,0.0,0.85,17
17,CBSNews,".@PressSec on reports of staff shake-up at White House: ""People shouldn't be concerned. We should do exactly what w‚Ä¶ https://t.co/ATaK1gyCUO",0.0,0.0,0.0,1.0,18
18,CBSNews,"""The chief of staff actually spoke to a number of staff this morning, reassuring them that there were no immediate‚Ä¶ https://t.co/R2zaxCagVz",0.2023,0.172,0.095,0.733,19
19,CBSNews,"WATCH LIVE: @PressSec Sarah Sanders takes the podium at briefing, amid more expected White House staff shakeups‚Ä¶ https://t.co/ZUo8dWxklh",0.0,0.0,0.0,1.0,20
20,CBSNews,"Rep. Louise Slaughter, who was the first and only woman to chair the powerful House Rules Committee, has died at 88‚Ä¶ https://t.co/vBDX7Tckez",-0.2023,0.106,0.136,0.758,21
21,CBSNews,"ProPublica retracts reporting on CIA director nominee Gina Haspel from a year ago, including an anecdote which said‚Ä¶ https://t.co/cyWyJIFLhH",0.0,0.0,0.0,1.0,22
22,CBSNews,"Canadians are confused about what President Trump says he told Prime Minister Justin Trudeau, report says‚Ä¶ https://t.co/A78NUwdEVL",-0.3182,0.0,0.126,0.874,23
23,CBSNews,Missouri defends 241-year prison sentence for man who committed robbery and other crimes on a single day when he wa‚Ä¶ https://t.co/43VAbH9bGr,-0.2263,0.143,0.139,0.717,24
24,CBSNews,Thousands mourn shooting death of Rio city councilwoman Marielle Franco who was shot in the head four times:‚Ä¶ https://t.co/xRaTooQGdg,-0.7717,0.0,0.283,0.717,25
25,CBSNews,"A new wildlife protection board is packed with trophy hunters, including some members with direct ties to President‚Ä¶ https://t.co/eCvTikYu9O",0.0,0.0,0.0,1.0,26
26,CBSNews,Federal judge blocks Los Angeles from enforcing nearly all remaining gang injunctions: https://t.co/1QvcQKKwiq https://t.co/ICw5RP5VCS,-0.2263,0.0,0.128,0.872,27
27,CBSNews,"Two women arrested after recording hate-filled video at mosque with their kids:
https://t.co/0s2Nc6YxQ7 https://t.co/DY4d3WiPdn",-0.4767,0.0,0.193,0.807,28
28,CBSNews,New York's Democratic Rep. Louise Slaughter has died at age 88 after sustaining an injury at her residence earlier‚Ä¶ https://t.co/gT4PA7v3wT,-0.7506,0.0,0.262,0.738,29
29,CBSNews,President Trump's announced meeting with North Korean leader Kim Jong Un will happen ‚Äî but it may not happen in May‚Ä¶ https://t.co/JVg5lnu4Xo,0.0,0.0,0.0,1.0,30
30,CBSNews,"Large boulder pushed off Pasadena overpass kills man in car; suspect sought:
https://t.co/t0KsaJ3nft https://t.co/z15vC6pUva",-0.6908,0.0,0.322,0.678,31
31,CBSNews,"JUST IN: Rep. Louise Slaughter, D-NY, the oldest member of the U.S House of Representatives, has died at 88, her of‚Ä¶ https://t.co/oSursUKZJr",-0.5574,0.0,0.146,0.854,32
32,CBSNews,"A Democrat is stepping up to challenge a GOP candidate who mocked two students who survived the Parkland, Florida,‚Ä¶ https://t.co/5958Al2Fk3",0.3182,0.21,0.105,0.685,33
33,CBSNews,"""What is probably best is that we wait to get to all of the vehicles and then we'll give you a grand total of the f‚Ä¶ https://t.co/Yyw1I8kSA4",0.802,0.231,0.0,0.769,34
34,CBSNews,"Reporter: Who made the decision to not shut down traffic during work on the bridge?
Miami-Dade police director Juan‚Ä¶ https://t.co/8Iw84hmavE",0.0,0.0,0.0,1.0,35
35,CBSNews,"Sweetwater, Florida, Mayor Orlando Lopez confirms one of those killed in the pedestrian bridge collapse is a Florid‚Ä¶ https://t.co/3TO6UcPGXx",-0.8271,0.0,0.325,0.675,36
36,CBSNews,"""We'll continue to work in order to get all of these victims removed, and we ask again that everyone keeps their fa‚Ä¶ https://t.co/YH4rrq3Ldk",-0.3182,0.0,0.095,0.905,37
37,CBSNews,"""It is important that we¬†understand this is a homicide¬†investigation.¬†That is all it is,"" says Juan Perez, director‚Ä¶ https://t.co/D1EM9XsiM5",0.2023,0.087,0.0,0.913,38
38,CBSNews,WATCH LIVE: Officials give update on recovery efforts and investigation after deadly bridge collapse at Florida Int‚Ä¶ https://t.co/3SnsepqMcz,-0.4939,0.0,0.158,0.842,39
39,CBSNews,Sen. Jeff Flake is reportedly considering a 2020 primary bid to challenge President Trump: https://t.co/fayOplkbUr https://t.co/UPmlfXXvEy,0.0772,0.085,0.0,0.915,40
40,CBSNews,"Hard numbers:
‚ñ™Ô∏è 5: There are 7 opposition¬†figures in the Russian election¬†on Sunday.¬†None of them are¬†polling abov‚Ä¶ https://t.co/7PKyBQInxu",-0.1027,0.0,0.065,0.935,41
41,CBSNews,"Missing Pennsylvania teen Amy Yu and 45-year-old man are believed to be traveling through Mexico, police say‚Ä¶ https://t.co/wMgB4aVMGs",-0.296,0.0,0.115,0.885,42
42,CBSNews,"While international condemnation intensifying over the spy poisoning attack, Russia is gearing up for Sunday's pres‚Ä¶ https://t.co/dgnO8u1AV0",-0.8934,0.0,0.433,0.567,43
43,CBSNews,"Amid White House departures and reports of tumult, President Trump jokes: ""Who's next?"" https://t.co/1HXkj1Jy3q https://t.co/N9QePNWsOK",0.25,0.125,0.0,0.875,44
44,CBSNews,A German shepherd is finally back home with his family after United mistakenly sent him halfway across the world --‚Ä¶ https://t.co/FAaL0ymAfS,0.1531,0.122,0.096,0.783,45
45,CBSNews,One of the Florida school shooting survivors leading a movement that has already gotten Florida gun laws changed te‚Ä¶ https://t.co/S3V6GwzPXe,-0.34,0.0,0.118,0.882,46
46,CBSNews,"RT @CBSThisMorning: The Washington Post reports @Rihanna responded to an ad on @Snapchat that asked users if they'd rather ""slap Rihanna"" o‚Ä¶",0.1531,0.071,0.0,0.929,47
47,CBSNews,RT @CBSThisMorning: Monday on @CBSThisMorning: Marjory Stoneman Douglas students @Emma4Change and @davidhogg111 will join us live in New Yo‚Ä¶,0.296,0.109,0.0,0.891,48
48,CBSNews,"Stormy Daniels was physically threatened by someone representing President Trump, her lawyer claims:‚Ä¶ https://t.co/eZGUjgSYf0",-0.4588,0.0,0.188,0.812,49
49,CBSNews,The FDA is taking what it calls historic first steps to make new rules to reduce nicotine in cigarettes to make the‚Ä¶ https://t.co/AGZxRFVotk,0.0,0.0,0.0,1.0,50
50,CBSNews,"A young generation‚Äôs push for change following the deadly school attack in Florida led to more than 3,000 schools p‚Ä¶ https://t.co/eCzw4fgZLN",-0.4767,0.0,0.14,0.86,51
51,CBSNews,"National Security Adviser H.R. McMaster is very likely to lose his job, and that could happen as soon as Friday, so‚Ä¶ https://t.co/MkOMces5vT",-0.144,0.095,0.117,0.789,52
52,CBSNews,"Confirmation hearings for the president's secretary of state nominee, Mike Pompeo, will be led by retiring Republic‚Ä¶ https://t.co/ln5SLQe53C",0.0,0.0,0.0,1.0,53
53,CBSNews,"Saudi Crown Prince Mohammed bin Salman will meet Tuesday with Pres. Trump at the White House. For @60Minutes,‚Ä¶ https://t.co/wBWGdTk4Xc",0.0,0.0,0.0,1.0,54
54,CBSNews,"One of Saudi Crown Prince Mohammed bin Salman's top advisers, Mohammed al-Shaikh, tells @NorahODonnell the governme‚Ä¶ https://t.co/dLFbHQ58Mi",0.2023,0.101,0.0,0.899,55
55,CBSNews,"The nation's largest cattle industry lobby group is fighting to defend the traditional meaning of the word ""meat.""‚Ä¶ https://t.co/63kOgu0NJv",-0.34,0.053,0.121,0.825,56
56,CBSNews,"RT @CBSThisMorning: United transported more than 138,000 animals last year, 18 of those died and 13 were injured. A much higher rate than a‚Ä¶",-0.5423,0.096,0.216,0.687,57
57,CBSNews,A German shepherd is finally back home with his family Friday morning after United Airlines mistakenly sent him hal‚Ä¶ https://t.co/HHAIEMj47d,0.1531,0.127,0.1,0.773,58
58,CBSNews,Pentagon hints budget woes are a possible factor in a fighter jet crash off Key West that killed both crew members‚Ä¶ https://t.co/2dTUBEWoPq,-0.8591,0.058,0.365,0.578,59
59,CBSNews,The man who once held one of the most powerful positions in sports media says a cocaine dealer who blackmailed him‚Ä¶ https://t.co/YJFHOOA1Sy,0.4754,0.134,0.0,0.866,60
60,CBSNews,"MORE: Top Saudi official Mohammed al-Shaikh says secretive corruption crackdown was ""efficient""‚Ä¶ https://t.co/DuFJM8rOS2",0.4265,0.191,0.0,0.809,61
61,CBSNews,"RT @CBSThisMorning: ""Your world in 90 seconds."" Watch this morning's Eye Opener. (Presented by @Toyota) https://t.co/WSN0bKp5aq https://t.c‚Ä¶",0.0,0.0,0.0,1.0,62
62,CBSNews,"RT @CBSThisMorning: ""All we can do is promise a very thorough investigation, getting to the bottom of this and mourn those who we have lost‚Ä¶",-0.128,0.085,0.103,0.812,63
63,CBSNews,Surveillance video from Marjory Stoneman Douglas High School in Florida shows how a sheriff's deputy failed to go a‚Ä¶ https://t.co/Kq3DqzkuM4,-0.5106,0.0,0.155,0.845,64
64,CBSNews,We‚Äôre learning new details about what Saudi Arabia‚Äôs government calls its ‚Äúcrackdown on corruption. @NorahODonnell‚Ä¶ https://t.co/i7zJSKxkUy,0.0,0.0,0.0,1.0,65
65,CBSNews,"""Russian Roulette"" authors reveal the debate in the Obama administration on how to deal with Russian cyberattacks:‚Ä¶ https://t.co/paJmzLwolf",0.0,0.0,0.0,1.0,66
66,CBSNews,The Treasury Dept. announced sanctions on 5 Russian organizations and 19 people. Russian Pres. Putin has not respon‚Ä¶ https://t.co/yn7Fgb3B3T,0.2023,0.096,0.0,0.904,67
67,CBSNews,The Department of Homeland Security and the FBI say a sophisticated Russian attack group infiltrated U.S. power gri‚Ä¶ https://t.co/6kh94OLQAs,0.4404,0.249,0.129,0.622,68
68,CBSNews,The Russia investigation is one step closer to the president. Special counsel Robert Mueller has sent a subpoena to‚Ä¶ https://t.co/ySPabaEYVN,0.4019,0.13,0.0,0.87,69
69,CBSNews,Friday could bring new staff shake-ups at the White House. National security adviser H.R. McMaster could be the nex‚Ä¶ https://t.co/mjq2cnB5Bu,0.34,0.112,0.0,0.888,70
70,CBSNews,The Department of Defense says everyone on board a U.S. military helicopter was killed when it crashed in western I‚Ä¶ https://t.co/U0N8LYqwfX,-0.6124,0.062,0.188,0.75,71
71,CBSNews,The bridge that collapsed in Miami was built using innovative technology called Accelerated Bridge Construction. Tw‚Ä¶ https://t.co/434lJMF0gD,0.2023,0.145,0.105,0.75,72
72,CBSNews,"RT @CBSThisMorning: Good morning, it's Friday, March 16th. Welcome to @CBSThisMorning.

Join us now. https://t.co/ptdUr8zyHK",0.7964,0.403,0.0,0.597,73
73,CBSNews,The death toll rose to 6 overnight in the collapse of a pedestrian bridge onto a busy Miami highway. The 5-day-old‚Ä¶ https://t.co/OmLU0pWJOt,-0.7964,0.0,0.295,0.705,74
74,CBSNews,"Hillary Clinton was treated briefly at a hospital in western India after suffering a minor injury at her hotel, the‚Ä¶ https://t.co/jN5Om9nmVe",-0.7096,0.0,0.258,0.742,75
75,CBSNews,"NRCC Chairman Steve Stivers says Pennsylvania Democrats ""outraised and outspent"" Republicans in Tuesday's special e‚Ä¶ https://t.co/JrK3e3VOnI",0.4019,0.153,0.0,0.847,76
76,CBSNews,Coming up on @CBSThisMorning: More from our interview with Saudi Arabia's Crown Prince for Sunday's @60Minutes.‚Ä¶ https://t.co/umRs9ZnLdK,0.0,0.0,0.0,1.0,77
77,CBSNews,"RT @CBSThisMorning: THIS MORNING: 
üîú @bojorquezcbs has the latest details on FL bridge collapse
üîú @MargBrennan discusses her interview with‚Ä¶",-0.4939,0.0,0.158,0.842,78
78,CBSNews,AHEAD: @CBSThisMorning reports from Florida with the latest on the investigation into @FIU's deadly bridge collapse. https://t.co/dJnCBBlgVC,-0.4939,0.0,0.167,0.833,79
79,CBSNews,"Death toll rises to 6 in Florida pedestrian bridge collapse, authorities say; police say it has turned ""from a resc‚Ä¶ https://t.co/Rzoc5xgJr2",-0.7964,0.0,0.295,0.705,80
80,CBSNews,"Forest Whitaker tackles Desmond Tutu's legacy in ""The Forgiven"" https://t.co/UZuRFtH8Le https://t.co/tm9FVtULOp",0.3818,0.206,0.0,0.794,81
81,CBSNews,"""Shame on you."" Rihanna doesn't accept Snapchat's apology after an ad on the app appeared to mock her domestic viol‚Ä¶ https://t.co/jW5pnOsTkb",-0.8037,0.0,0.352,0.648,82
82,CBSNews,Death toll raised to 6 in Fla. pedestrian bridge collapse https://t.co/MlXewpST9x https://t.co/TivjYgAPfw,-0.7964,0.0,0.441,0.559,83
83,CBSNews,Ex-Marine admits to killing Army reservist in California motel https://t.co/T1Px8Bazst https://t.co/6cjM7QEJ4L,-0.4939,0.141,0.282,0.577,84
84,CBSNews,What scandals? Wells Fargo CEO Tim Sloan gets $4.6M raise https://t.co/IFzGi1EjKh https://t.co/5SpKK3QAFj,-0.296,0.132,0.211,0.658,85
85,CBSNews,Judge will allow five Bill Cosby accusers to testify at sex assault retrial https://t.co/zmuOsqj9Ms https://t.co/6CWCQfHFlO,-0.4404,0.102,0.203,0.695,86
86,CBSNews,Death toll raised to 6 in Miami pedestrian bridge collapse https://t.co/fNekBr7z4R https://t.co/ynYkr8fZan,-0.7964,0.0,0.441,0.559,87
87,CBSNews,"Jamaican artist Flourgon sues Miley Cyrus over song ""We Can't Stop"" https://t.co/jp7KQ5NFXx https://t.co/3zgU7qXrcT",0.2235,0.136,0.0,0.864,88
88,CBSNews,Police think no one still alive in rubble of collapsed Fla. bridge rubble: Report https://t.co/k237o7wAag https://t.co/AwRZN4cCWi,-0.1779,0.131,0.216,0.653,89
89,CBSNews,Trump's opioid plan includes pushing death penalty for drug dealers https://t.co/x2b6qT3gBO https://t.co/6AwQrRgQvO,-0.7845,0.0,0.408,0.592,90
90,CBSNews,"Harper Lee's estate sues over Broadway adaptation of ""Mockingbird"" https://t.co/qfV6MdoTh8 https://t.co/t6uqDcNPYN",0.0,0.0,0.0,1.0,91
91,CBSNews,Burt Reynolds says he fell in love with Sally Field when she was 7 https://t.co/F31fsi9mMN https://t.co/uc84UvERxm,0.6369,0.231,0.0,0.769,92
92,CBSNews,Complaint claims lawyers for Trump Hotels threatened Panama judicial official https://t.co/CoucA7X6ni https://t.co/PskxdTMcOL,-0.6369,0.0,0.342,0.658,93
93,CBSNews,"White House shake-up: Chief of staff John Kelly may also be on the way out, sources say https://t.co/Slv6bcDG4F https://t.co/P67oscQGBq",0.0,0.0,0.0,1.0,94
94,CBSNews,"George Lucas hopes his new museum will inspire people to ""imagine things that don't exist"" https://t.co/dUc9OuOgry https://t.co/ZXUEiND59l",0.7579,0.302,0.0,0.698,95
95,CBSNews,Ballplayer let go after disturbing domestic violence video released https://t.co/X4Sl3uJ9AX https://t.co/HaCCLBAecg,-0.8126,0.0,0.451,0.549,96
96,CBSNews,"Toys ""R"" Us closing leaves workers, customers hanging https://t.co/YWuUUe5AGd https://t.co/LEpAfNxDHL",0.0,0.0,0.0,1.0,97
97,CBSNews,"Rihanna's anger over ad sparks online outrage, Snapchat profuse apology https://t.co/o1i7ZO9GrC https://t.co/oNJP2YPHaU",-0.7783,0.07,0.407,0.523,98
98,CBSNews,"U.S. commander: ""Definitely a change"" in Iran's behavior https://t.co/gpkjamz8Tv https://t.co/I9b1QA8Xdo",0.4019,0.252,0.0,0.748,99
99,CBSNews,"""American Idol"" contestant says Katy Perry's kiss did not upset him https://t.co/2KgnkxdhN5 https://t.co/ZpgCerssBN",0.6103,0.312,0.0,0.688,100
0,nytimes,"When it comes to Russian meddling, President Trump has taken a far softer stand than his own administration. Here's‚Ä¶ https://t.co/uDGQLNwKvh",0.0,0.0,0.0,1.0,1
1,nytimes,Evening Briefing: Here's what you need to know at the end of the day https://t.co/UcEPdmD5nP,0.0,0.0,0.0,1.0,2
2,nytimes,"""How am I supposed to find a life partner if I can‚Äôt even find many men who treat women like equals?"" https://t.co/aTklTX0dFa",0.6369,0.234,0.0,0.766,3
3,nytimes,"Why the tax law might make your car payments go up
https://t.co/xHTHUvPJnH",0.0,0.0,0.0,1.0,4
4,nytimes,"RT @Neil_Irwin: Trump keeps ignoring trade in services, focusing only on the trade deficit in physical goods. This misses a lot about the p‚Ä¶",-0.743,0.0,0.267,0.733,5
5,nytimes,Billie Piper may be a household name on the British stage. Now she's coming to New York. https://t.co/gwpLcdPAIN,0.0,0.0,0.0,1.0,6
6,nytimes,"This soda bread is is best eaten still steaming from the oven, slathered with salted Irish butter‚Ä¶ https://t.co/1LpaTzJVwF",0.6369,0.198,0.0,0.802,7
7,nytimes,"The ghost of Angelina Jolie past hangs over the new, suitably titled ‚ÄúTomb Raider,‚Äù a dreary, inept reboot starring‚Ä¶ https://t.co/FPmNyszSa5",-0.5719,0.0,0.217,0.783,8
8,nytimes,"Despite a celebrated refugee settlement system, nothing has prepared Canada for the Yazidis https://t.co/TZ1tEql5aA",0.465,0.226,0.102,0.672,9
9,nytimes,"‚ÄúShe was an angel. She wanted to become a lawyer, and she was so beautiful,"" said Orlando Duran. He believes his da‚Ä¶ https://t.co/tPW5mIly8A",0.0,0.0,0.0,1.0,10
10,nytimes,All ‚Äúdoors-off‚Äù helicopter flights have been halted in the U.S. while regulators investigate a crash that killed 5‚Ä¶ https://t.co/w5SMAVtZyO,-0.802,0.0,0.31,0.69,11
11,nytimes,"Nearly 3 in 4 teachers oppose letting staff carry guns in school, a new poll finds https://t.co/Xc0SdQ3imc",0.0,0.0,0.0,1.0,12
12,nytimes,"‚ÄúStealing an instrument in New Orleans is like removing a statue from a church,‚Äù said Ben Jaffe, a musician whose 3‚Ä¶ https://t.co/X2LuSQaceb",0.3612,0.122,0.0,0.878,13
13,nytimes,One NYT reader's reaction to South Africa's former president Jacob Zuma being charged with corruption related to an‚Ä¶ https://t.co/CGEcwufePO,-0.2023,0.0,0.091,0.909,14
14,nytimes,"After Trump fired Rex Tillerson in a tweet, we asked experts to discuss the history of the secretary of state, once‚Ä¶ https://t.co/0SfoZ0zVpy",-0.5574,0.0,0.153,0.847,15
15,nytimes,The price French bulldogs pay for being so cute https://t.co/PG6pPSUKL6,0.5371,0.291,0.106,0.603,16
16,nytimes,NASA had to set the record straight: Mark Kelly and Scott Kelly are just as much twins as they were before Scott we‚Ä¶ https://t.co/kLfTdpQlnx,0.2263,0.076,0.0,0.924,17
17,nytimes,"Where President Trump goes wrong on trade, and why it matters https://t.co/G1X6DBG0td",-0.4588,0.077,0.218,0.704,18
18,nytimes,Ben Carson and David Shulkin remain in their cabinet posts despite speculation that they would be replaced because‚Ä¶ https://t.co/fXIlqoNBTk,0.0,0.0,0.0,1.0,19
19,nytimes,"Modern Love: He was struggling with an obscure neurological illness. Before he died in January, she was his world. https://t.co/x6Re17Emfa",-0.5994,0.143,0.311,0.546,20
20,nytimes,"When Sheryl Sandberg‚Äôs book published 5 years ago this month, it became a cultural phenomenon. But what is its actu‚Ä¶ https://t.co/ztY46OSsq7",0.0,0.0,0.0,1.0,21
21,nytimes,"In @NYTOpinion 

Wuilly Arteaga, an exiled violinist-activist, tells his story of Venezuela's oppression https://t.co/Pj5EvKeNji",0.0,0.0,0.0,1.0,22
22,nytimes,"When Sheryl Sandberg‚Äôs book published 5 years ago this month, it became a cultural phenomenon. But what is it's act‚Ä¶ https://t.co/VpVmBKwS7e",0.0,0.0,0.0,1.0,23
23,nytimes,It‚Äôs a bold plan to wean Californians from their cars: promote denser housing near transit. So why are some environ‚Ä¶ https://t.co/B8IupZQLg5,0.6369,0.224,0.0,0.776,24
24,nytimes,"In @NYTOpinion 

Op-Ed Columnist @DouthatNYT writes, ""The papal plan for a truce is either ingenious or deceptive,‚Ä¶ https://t.co/wb51yz7PQS",0.0,0.0,0.0,1.0,25
25,nytimes,Readers wrote in with their accounts of workplace sexual harassment. Experts offered their advice. https://t.co/ColJHiLWyr,-0.5423,0.0,0.2,0.8,26
26,nytimes,"The Bollywood legend, Madhubala has been compared to Marilyn Monroe: the smoldering looks, the short but prolific c‚Ä¶ https://t.co/kzmzYgqYCV",0.0,0.0,0.0,1.0,27
27,nytimes,A study confirms what news reports have suggested: Trump‚Äôs campaign rallies were associated with a rise in violence‚Ä¶ https://t.co/vFhsK1XEzI,0.0,0.0,0.0,1.0,28
28,nytimes,Is your NCAA bracket still intact? Here's what you can expect on Day 2 of March Madness. https://t.co/qRJz5FmT5m,-0.2732,0.091,0.147,0.761,29
29,nytimes,"We visit the Kafkaesque Office of Administrative Trials and Hearings ‚Äî or, more simply, the place you go to fight a‚Ä¶ https://t.co/ZR34fTJZbZ",-0.3818,0.0,0.115,0.885,30
30,nytimes,"Our recap of the latest episode of ""Atlanta"" https://t.co/ad28WxZOf0",0.0,0.0,0.0,1.0,31
31,nytimes,How to learn about Quebec's identity? Have a meal there. https://t.co/OpH25ZfUwn,0.0,0.0,0.0,1.0,32
32,nytimes,Trump's new chief economic adviser is known for his provocative punditry. Here are 6 of Larry Kudlow's not-so-on-th‚Ä¶ https://t.co/DMXw4jkETp,0.0,0.0,0.0,1.0,33
33,nytimes,"RT @NYTSports: Catch up on last night's NCAA tournament action, including the first major upset. The Bulls practically ran the Wildcats out‚Ä¶",-0.3818,0.0,0.11,0.89,34
34,nytimes,The prompt: ‚ÄúDraw an effective leader.‚Äù Both men and women almost always drew men. https://t.co/ymuGRpqhXG,0.4767,0.181,0.0,0.819,35
35,nytimes,"Since 1851, obituaries in The New York Times have been dominated by white men. Now, we're including the stories of‚Ä¶ https://t.co/TITtPpjRTO",0.0,0.0,0.0,1.0,36
36,nytimes,Snapchat shares fell 4% after Rihanna criticized an ad for making light of domestic violence. The ad asked whether‚Ä¶ https://t.co/YYvtfHMdhb,-0.6597,0.085,0.256,0.659,37
37,nytimes,"‚ÄúSomebody must show that the Afro-American race is more sinned against than sinning, and it seems to have fallen up‚Ä¶ https://t.co/mXfkZQMC1J",-0.3612,0.0,0.111,0.889,38
38,nytimes,"75 people were arrested in a raid of a local prostitution ring, the Hong Kong police said https://t.co/9iZEflS13L",-0.4767,0.0,0.171,0.829,39
39,nytimes,Jimmy Kimmel wants to help Stormy Daniels pay her way out of a nondisclosure agreement with President Trump. Late-n‚Ä¶ https://t.co/YmwaqaQCPT,0.6705,0.253,0.06,0.687,40
40,nytimes,"RT @NYTMetro: The number of homeless students in New York City public schools climbed to 111,500 last school year https://t.co/ASiAsqI0sb",0.0772,0.064,0.0,0.936,41
41,nytimes,He supplies coffee to Starbucks. He owns much of Ethiopia. Where is Mohammed Hussein Al Amoudi? https://t.co/nPota5WJug,0.0,0.0,0.0,1.0,42
42,nytimes,Morning¬†Briefing: Here's what you need to know to start your day https://t.co/oH3F6RmLMD https://t.co/kYsz30Xcvj,0.0,0.0,0.0,1.0,43
43,nytimes,Breaking News: South Africa's former president Jacob Zuma has been charged with corruption related to an arms deal‚Ä¶ https://t.co/FKlttyfYc4,-0.2023,0.0,0.091,0.909,44
44,nytimes,"At least 6 people were killed when a pedestrian bridge in South Florida collapsed in a pile of metal, concrete and‚Ä¶ https://t.co/SU3GWBfGxN",-0.765,0.0,0.28,0.72,45
45,nytimes,"All 7 service members aboard a military helicopter died in a crash in western Iraq on Thursday, U.S. officials said https://t.co/eiWgXoiA2J",-0.7351,0.049,0.281,0.67,46
46,nytimes,Reports of gold from the sky spread like wildfire among social media users in Russia's far east https://t.co/8jeDIooY3r,0.3612,0.128,0.0,0.872,47
47,nytimes,"Students talk about the terror of lockdowns: ""I remember very vividly thinking, If this is the end of my life, that‚Ä¶ https://t.co/b59EALRr5s",-0.5267,0.0,0.139,0.861,48
48,nytimes,"Winters in the U.S. have gotten warmer in the past 30 years, and some of the coldest parts of the country have warm‚Ä¶ https://t.co/NsYsJmxQfO",0.296,0.087,0.0,0.913,49
49,nytimes,"Drivers leapt from their cars to help pull people free, but quickly realized they could save only the people in car‚Ä¶ https://t.co/qrG09SRWv5",0.8074,0.304,0.0,0.696,50
50,nytimes,One of the world's best brews is also one of the rarest: It can only be purchased at a Trappist monastery in Belgiu‚Ä¶ https://t.co/dwZeHEXrqM,0.6369,0.16,0.0,0.84,51
51,nytimes,"Britain said that it was ""overwhelmingly likely"" that Vladimir Putin personally ordered the nerve agent attack agai‚Ä¶ https://t.co/mnqKLMkuPz",-0.5574,0.0,0.223,0.777,52
52,nytimes,"Andrew Cuomo and his political operation have gone into overdrive, though his aides say it has nothing to do with C‚Ä¶ https://t.co/C5Qz73Q10y",0.0,0.0,0.0,1.0,53
53,nytimes,Morning¬†Briefing: Here's what you need to know to start your day https://t.co/qbWj43MLtq https://t.co/DNVWpN9CDM,0.0,0.0,0.0,1.0,54
54,nytimes,"Russian hackers have infiltrated U.S. and European water and power plants, with the potential to sabotage them, the‚Ä¶ https://t.co/249KNZfown",-0.5267,0.0,0.159,0.841,55
55,nytimes,"Vanessa Trump has filed for an uncontested divorce from Donald Trump Jr., her husband of 12 years https://t.co/jdzxgUWHTp",0.0,0.0,0.0,1.0,56
56,nytimes,"A sister of Dylann Roof, the man who killed 9 black churchgoers in 2015, was arrested for bringing weapons to a sch‚Ä¶ https://t.co/AyMHzriNO7",-0.8885,0.0,0.382,0.618,57
57,nytimes,Ida B. Wells was an investigative reporter who exposed the systematic lynching of black men in the South. Her work‚Ä¶ https://t.co/YUc8xgcnGv,0.1779,0.09,0.058,0.852,58
58,nytimes,The Bollywood legend Madhubala starred in more than 70 movies in her 36 years. She was called a ‚Äúliving Taj Mahal‚Äù https://t.co/9ylcULekE2,0.0,0.0,0.0,1.0,59
59,nytimes,"""It is scary, as his lying has become the new normal."" Canadians were baffled by President Trump's reported comment‚Ä¶ https://t.co/MVRehuw74t",-0.765,0.0,0.268,0.732,60
60,nytimes,Morning¬†Briefing: Here's what you need to know to start your day https://t.co/FXxyYOWEmj https://t.co/9MIN1bQFeG,0.0,0.0,0.0,1.0,61
61,nytimes,"To abolish the coin would be ""to give into inflation and to trash 1,000 years of history,"" one person tweeted https://t.co/1BiPt7Jf1A",0.0,0.0,0.0,1.0,62
62,nytimes,"The special counsel, Robert Mueller, has subpoenaed the Trump Organization in recent weeks to turn over documents,‚Ä¶ https://t.co/9dyXY88GPx",0.4019,0.137,0.0,0.863,63
63,nytimes,"She suggested that the death of a young man had been the latest act of police brutality. The next day, assailants s‚Ä¶ https://t.co/2NP8yBRLhG",-0.836,0.0,0.283,0.717,64
64,nytimes,"An American military helicopter crashed in western Iraq, killing some of the 7 service members aboard https://t.co/w2gU4sAxcm",-0.6486,0.056,0.226,0.718,65
65,nytimes,"""You shouldn't categorize people like this,"" Angela Merkel said. But some Germans call the man who runs the food ba‚Ä¶ https://t.co/It2SrOln49",-0.2755,0.0,0.095,0.905,66
66,nytimes,"Theresa May promised to ""freeze Russian state assets wherever we have the evidence that they may be used to threate‚Ä¶ https://t.co/75sXaXJCcy",0.5267,0.231,0.0,0.769,67
67,nytimes,RT @nytimesworld: President Trump admits he told an untruth to Prime Minster Justin Trudeau. Canadians are baffled over why the leader of t‚Ä¶,0.296,0.091,0.0,0.909,68
68,nytimes,"""They have the ability to shut the power off. All that's missing is some political motivation,"" said a security tec‚Ä¶ https://t.co/1DJTYA1W39",0.3612,0.197,0.092,0.711,69
69,nytimes,"Russian hackers have infiltrated U.S. and European water and power plants, with the potential to sabotage them, the‚Ä¶ https://t.co/pMo5Kyx3Qm",-0.5267,0.0,0.159,0.841,70
70,nytimes,Rising ocean levels are causing waves to break on the statues and platforms built by an ancient civilization. Easte‚Ä¶ https://t.co/9ueOnAtJT0,0.0,0.0,0.0,1.0,71
71,nytimes,Creamy pasta with smoked bacon and peas. Ready in 15 minutes. https://t.co/fCxEI2weqI,0.3612,0.185,0.0,0.815,72
72,nytimes,RT @MarkLandler: Radio silence from North Korea about Trump-Kim meeting raises new question among NK watchers: Did Kim actually make the of‚Ä¶,0.0,0.0,0.0,1.0,73
73,nytimes,Editors‚Äô Choice: 5 New Books We Recommend This Week https://t.co/xZ9DGyfBUh,0.3612,0.238,0.0,0.762,74
74,nytimes,"Kenya‚Äôs political rivals pledged to work together, but the people who suffered violence during their prolonged batt‚Ä¶ https://t.co/nzdcLvNulO",-0.899,0.0,0.383,0.617,75
75,nytimes,"RT @nytimesworld: If Britain wants to turn up the heat on Russia, it could start seizing the assets of its tycoons. It would not have to lo‚Ä¶",0.1779,0.061,0.0,0.939,76
76,nytimes,Toys ‚ÄúR‚Äù Us went from planning a turnaround to collapsing. The brand‚Äôs downfall shows the risks of private equity i‚Ä¶ https://t.co/X23CuKOAOn,-0.5106,0.0,0.193,0.807,77
77,nytimes,"As Stephen Hawking's renown spread, movies were made about him, he made cameos on TV shows, and he inspired compose‚Ä¶ https://t.co/ZaovGlTW7G",0.4939,0.138,0.0,0.862,78
78,nytimes,RT @nytimesworld: ‚ÄúHow many more must die for this war to end?‚Äù Councilwoman Marielle Franco wrote on Twitter after a police killing. She h‚Ä¶,-0.9257,0.0,0.384,0.616,79
79,nytimes,Snapchat shares fell 4 percent after Rihanna criticized an ad for making light of domestic violence. The ad asked w‚Ä¶ https://t.co/9vRSylinuU,-0.6597,0.085,0.256,0.659,80
80,nytimes,"When Alison Hargreaves became the first woman to scale Mount Everest alone and without oxygen, she sent a radio mes‚Ä¶ https://t.co/K5z48fzXnC",-0.25,0.0,0.095,0.905,81
81,nytimes,"How exercise can keep aging muscles and immune systems ""young"" https://t.co/PazWVFtAKi",0.296,0.18,0.0,0.82,82
82,nytimes,"RT @nytimesphoto: Photographers find new ways to frame the natural world 
https://t.co/o7zqXisntT https://t.co/F0S2YCbII3",0.3612,0.172,0.0,0.828,83
83,nytimes,"Easter Island is eroding. Climate change is threatening its future, and also its past. https://t.co/xL32jSX4Hw",-0.5267,0.0,0.195,0.805,84
84,nytimes,"Germans First? A Food Bank Bars Migrants, Setting Off a Storm https://t.co/R8bsZgS1H8",0.0,0.0,0.0,1.0,85
85,nytimes,RT @nytimesarts: Banksy's latest mural has arrived in downtown Manhattan https://t.co/J91sonn9vn,0.0,0.0,0.0,1.0,86
86,nytimes,"When Qatari royals were captured falcon hunting in Iraq, they were used as pawns in a multiplayer chess match that‚Ä¶ https://t.co/Hs7z3kbweN",0.0,0.0,0.0,1.0,87
87,nytimes,RT @nytopinion: .@PaulKrugman: The apparent Democratic victory in the Pennsylvania special election showed the bankruptcy of all the politi‚Ä¶,0.4019,0.13,0.0,0.87,88
88,nytimes,Trump Readies Sweeping Tariffs and Investment Restrictions on China https://t.co/Yx8feHvvld,0.0,0.0,0.0,1.0,89
89,nytimes,Surveillance video of the Parkland shooting confirms that the school‚Äôs only armed sheriff‚Äôs deputy remained outside‚Ä¶ https://t.co/7EtKJyQPw3,0.0,0.0,0.0,1.0,90
90,nytimes,"RT @nytimesbusiness: ""60 Minutes"" has set a date for its interview with Stormy Daniels. https://t.co/3QxHbwK7tt",0.0,0.0,0.0,1.0,91
91,nytimes,"RT @davidwchen: New: Cooper Union, just a few years removed from serious financial woes, plans to offer free tuition again https://t.co/GzI‚Ä¶",0.0258,0.135,0.171,0.694,92
92,nytimes,"Tracy Morgan, on life after his accident: ‚ÄúI have to ask myself, because of what I‚Äôve been through, was I better th‚Ä¶ https://t.co/sTDirN5nxv",-0.0516,0.112,0.119,0.769,93
93,nytimes,Toys ‚ÄúR‚Äù Us went from planning a turnaround to collapsing. The brand‚Äôs downfall shows the risks of private equity i‚Ä¶ https://t.co/V35xJMADBj,-0.5106,0.0,0.193,0.807,94
94,nytimes,We've learned some new things about Steve. But there's still a lot that we don't know about Steve.  https://t.co/Lcz7YA4vqv,0.0,0.0,0.0,1.0,95
95,nytimes,RT @NYTNational: One in seven prisoners has hepatitis C. Fewer than one percent are getting life-saving treatment. https://t.co/XhM3cVf9XQ,-0.5106,0.0,0.163,0.837,96
96,nytimes,Evening Briefing: Here's what you need to know at the end of the day https://t.co/5WZyiMJu7z,0.0,0.0,0.0,1.0,97
97,nytimes,At least 4 people died after a pedestrian bridge collapsed in Florida earlier today https://t.co/awyYNPMwTP,-0.6908,0.0,0.341,0.659,98
98,nytimes,"The conductor James Levine sued the Metropolitan Opera for breach of contract and defamation, 3 days after the comp‚Ä¶ https://t.co/76RbEsp0U2",0.0,0.0,0.0,1.0,99
99,nytimes,"RT @nytimesarts: The new ""Tomb Raider"" has a generic story, bad writing, a miscast lead, the wrong director and no fun (but it does have Wa‚Ä¶",-0.6705,0.103,0.274,0.623,100
0,FoxNews,Whatever happened to...democracy vouchers? Dan Springer follows up on Seattle's plan to take the money out of polit‚Ä¶ https://t.co/VimgxERIuo,0.0,0.0,0.0,1.0,1
1,FoxNews,"RT @FoxBusiness: Don King to @cvpayne on his support for @realDonaldTrump: ""Everyone agrees that they system is corrupt, the GOP, the Dems,‚Ä¶",0.5423,0.184,0.0,0.816,2
2,FoxNews,Turtle euthanized as row continues over reports it ate a puppy https://t.co/LEDULqLj7C,0.0,0.0,0.0,1.0,3
3,FoxNews,".@peterthiel: If #Trump Runs in 2020, He Will Get Re-Elected https://t.co/mMe9sJfl4y",0.0,0.0,0.0,1.0,4
4,FoxNews,.@AllenWest: It Would Be 'March Madness' If McCabe Retires With Full Pension  @TeamCavuto https://t.co/rRLwv1wRkc,-0.4404,0.0,0.182,0.818,5
5,FoxNews,".@TheJuanWilliams on Nancy Pelosi: ‚ÄúNobody‚Äôs beaten her, and I think that‚Äôs for a very real reason‚Ä¶she‚Äôs a great fu‚Ä¶ https://t.co/6B3W5Y2Jvl",0.3744,0.197,0.126,0.677,6
6,FoxNews,New Orleans celebrates St. Patrick's Day by tossing cabbage at people https://t.co/DrKDygudEc,0.5719,0.252,0.0,0.748,7
7,FoxNews,".@JesseBWatters: ‚ÄúWhether it was an accidental shooting or it was a purposeful shooting, he cost Kate Steinle her l‚Ä¶ https://t.co/1RujPnSsxr",-0.0772,0.0,0.067,0.933,8
8,FoxNews,.@kimguilfoyle on possibility of Andrew McCabe being fired: ‚ÄúThis is well within the purview of the Attorney Genera‚Ä¶ https://t.co/orUrYwWGCT,-0.3612,0.093,0.159,0.749,9
9,FoxNews,".@conservmillen: ""[@HillaryClinton] is extremely effective in reminding Republicans...what Democrats think about mo‚Ä¶ https://t.co/IkNm7mVVtf",0.5256,0.22,0.0,0.78,10
10,FoxNews,RT @CNASdc: .@CNASdc launches the second chapter of its #WomenInNatsec podcast series: The Last Word.  @JenGriffinFNC joins to share lesson‚Ä¶,0.296,0.104,0.0,0.896,11
11,FoxNews,"Mike Baker: ""When you get in a room and you talk to intel officials...and say, 'What is it that keeps you up at nig‚Ä¶ https://t.co/kyV7FdbACM",0.0,0.0,0.0,1.0,12
12,FoxNews,First Florida bridge collapse victim identified as @FIU student https://t.co/D9nfhdqutO,-0.6486,0.0,0.398,0.602,13
13,FoxNews,".@AllenWest: ""If you cannot trust the #1 law enforcement agency in the United States of America, then who can you t‚Ä¶ https://t.co/oWqodXFu1G",0.0253,0.11,0.106,0.784,14
14,FoxNews,".@AllenWest on McCabe: ""He did not serve with honor all the way to the last moment of his time and service there wi‚Ä¶ https://t.co/tSU7i6j1TP",-0.3875,0.0,0.103,0.897,15
15,FoxNews,".@AllenWest on McCabe: ""[If a] senior officer were able to get away with something that the privates and the corpor‚Ä¶ https://t.co/5f6EL7XTGP",0.0,0.0,0.0,1.0,16
16,FoxNews,".@AllenWest on McCabe: ""If this is allowed to happen once again we will send a message to everyday Americans that t‚Ä¶ https://t.co/xatTRsmEYo",0.0,0.0,0.0,1.0,17
17,FoxNews,Strzok-Page texts reveal personal relationship between FBI official and judge recused from Flynn case - via‚Ä¶ https://t.co/z4JN8mwph1,0.0,0.0,0.0,1.0,18
18,FoxNews,'Angel Dad': Pelosi Would Want a 'Wall to the Moon' If an Illegal Immigrant Hurt Her Family https://t.co/IfLXQPYRtc,-0.7717,0.058,0.314,0.628,19
19,FoxNews,"On @foxandfriends, @real_jamielshaw, a father whose son was killed by an illegal immigrant, called for Oakland Mayo‚Ä¶ https://t.co/1DcKeo4ujt",-0.8442,0.0,0.351,0.649,20
20,FoxNews,"Sheriff defends self after public outrage over $740G beach house, pocketing money from inmate food fund https://t.co/lyhikKxuLu",-0.5106,0.0,0.171,0.829,21
21,FoxNews,New Jersey church shocked after Jesus statue stolen 90 years ago is returned https://t.co/UxVGpjC45n,-0.6705,0.0,0.314,0.686,22
22,FoxNews,Tripp Halstead dies 5 years after being struck by falling tree branch as a toddler https://t.co/2xgBI9R5QI,-0.3818,0.0,0.231,0.769,23
23,FoxNews,Christopher Steele must appear for dossier deposition in British court https://t.co/jJW0ziHJx0,0.0,0.0,0.0,1.0,24
24,FoxNews,"Amidst reports of @DonaldJTrumpJr's divorce, former first daughter @ChelseaClinton sent a message in defense of Pre‚Ä¶ https://t.co/dyj5QqtmbR",0.128,0.091,0.0,0.909,25
25,FoxNews,New Jersey church shocked after Jesus statue stolen 90 years ago is returned https://t.co/uYdQgBV57j,-0.6705,0.0,0.314,0.686,26
26,FoxNews,.@PressSec: Gen. McMaster's job is safe. https://t.co/FwabdETMEe,0.4404,0.326,0.0,0.674,27
27,FoxNews,".@PressSec: ""@POTUS is headed to New Hampshire on Monday to reinforce the administration's commitment to combating‚Ä¶ https://t.co/CEMHSqNHkc",0.3818,0.14,0.0,0.86,28
28,FoxNews,".@Marcshort45: ""We wanted to take a few minutes to discuss the historic obstruction that we have faced by‚Ä¶ https://t.co/9jvCd5dxh5",0.0,0.0,0.0,1.0,29
29,FoxNews,Ex-baseball prospect Danry Vasquez speaks out after video allegedly shows him beating then-girlfriend: 'I've truly‚Ä¶ https://t.co/NYts7KJ7UH,-0.2023,0.115,0.156,0.729,30
30,FoxNews,Another Russian hit? Murder investigation launched for exile found with neck crushed in England https://t.co/IFy4BgNg3P,-0.7906,0.071,0.357,0.571,31
31,FoxNews,.@PressSec Sarah Sanders holds a briefing at the @WhiteHouse.  https://t.co/Xg0bP4D6VN,0.0,0.0,0.0,1.0,32
32,FoxNews,'He Has Not Risen to the Task': GOP Lawmaker Calls for VA Sec'y Shulkin to Resign https://t.co/sqZPndpGcO,-0.34,0.0,0.13,0.87,33
33,FoxNews,Trump convinces GOP primary challenger to drop out of Nevada Senate race for 'unity' https://t.co/ENjSPaxBmM,0.0258,0.185,0.121,0.694,34
34,FoxNews,Another Russian hit? Murder investigation launched for Russian exile found with neck crushed in England (via‚Ä¶ https://t.co/E56Cyg5XuU,-0.7906,0.065,0.326,0.609,35
35,FoxNews,'Mad Nailer' deliberately scattering roofing nails on a portion of Florida's US 1 https://t.co/pEIxWM6uRU,-0.4939,0.0,0.225,0.775,36
36,FoxNews,RT @FoxBusiness: Amazon's HQ2 search tied to Pentagon? https://t.co/cGw9bRa1yg,0.0,0.0,0.0,1.0,37
37,FoxNews,".@leezeldin: ""I believe that there was misconduct as it relates to how the Clinton probe ended."" #OutnumberedOT https://t.co/QyLJ0zVuAx",0.0,0.0,0.0,1.0,38
38,FoxNews,Army speeds up prototypes for its next-gen combat vehicle https://t.co/vqekFxzcS1,-0.34,0.0,0.211,0.789,39
39,FoxNews,"Sheriff defends self after public outrage over $740G beach house, pocketing money from inmate food fund https://t.co/pgAdeU1ZS2",-0.5106,0.0,0.171,0.829,40
40,FoxNews,Attorney: Stormy Daniels Was Physically Threatened Over Alleged Trump Affair https://t.co/ZmBy2lvDrx,-0.4588,0.0,0.231,0.769,41
41,FoxNews,"Former @FBI Assistant Director Chris Swecker; ""I think you're going to see some pure TNT come out in this IG report‚Ä¶ https://t.co/p79eS9sk3V",0.0,0.0,0.0,1.0,42
42,FoxNews,Famous 'snake whisperer' dies after fatal cobra bite https://t.co/hIfPm9ABPf,-0.5423,0.0,0.304,0.696,43
43,FoxNews,".@AlanDersh: ""They obviously have not been able to build a case based on the alleged obstruction of justice because‚Ä¶ https://t.co/dOI53RVr58",0.5267,0.159,0.0,0.841,44
44,FoxNews,Awaiting AG Sessions' decision on whether he will fire Deputy @FBI Director McCabe just before his retirement.‚Ä¶ https://t.co/0UxyZiD1sy,-0.34,0.0,0.124,0.876,45
45,FoxNews,Porn star Christiana Cinn says Domino's Pizza delivery driver offered her $200 for sex https://t.co/iMxZcFGDJp,0.0,0.0,0.0,1.0,46
46,FoxNews,Medieval 'pot o' gold' discovered by construction workers https://t.co/JZlsjsOdel,0.0,0.0,0.0,1.0,47
47,FoxNews,"On @foxandfriends, @AlanDersh called out the many Democrats who have associations with Louis Farrakhan.‚Ä¶ https://t.co/aCc3x3KpHR",0.0,0.0,0.0,1.0,48
48,FoxNews,".@BuckSexton: ""Journalists just have a particular ignorance of their tone in general on the left when it comes to G‚Ä¶ https://t.co/yDMyNOjiNa",-0.3612,0.0,0.116,0.884,49
49,FoxNews,A Jenks High School student who battled Stage 4 lymphoma and is cancer free was honored by his football teammates a‚Ä¶ https://t.co/29wHCFBBAt,0.128,0.239,0.222,0.539,50
50,FoxNews,"School custodian stole $180 from students' bags during National School Walkout, cops say https://t.co/NOcxPckPjF",-0.3182,0.0,0.15,0.85,51
51,FoxNews,".@LisaMarieBoothe: ""Why is there such an open animosity to Christianity from those on the left?"" #Outnumbered https://t.co/0rItWkSF2s",-0.4404,0.0,0.153,0.847,52
52,FoxNews,"Marie Harf: ""I do not think [@NancyPelosi] will be Speaker if the Democrats take the House back this November, whic‚Ä¶ https://t.co/eF840lCt04",0.0,0.0,0.0,1.0,53
53,FoxNews,".@BuckSexton: ""We should do a top-to-bottom scrub of what happened in the Hillary email investigation."" #Outnumbered https://t.co/caNRXQfPLj",0.0,0.0,0.0,1.0,54
54,FoxNews,".@BuckSexton on opposition to Gina Haspel: ""It's just damaging and partisan and I think she'd be a good director.""‚Ä¶ https://t.co/gcYshfweeO",-0.1027,0.131,0.149,0.721,55
55,FoxNews,".@LisaMarieBoothe: ""Why are we so concerned about [Andrew McCabe's] pension? If he did something wrong, he did some‚Ä¶ https://t.co/uqhtzBmCia",-0.4767,0.0,0.147,0.853,56
56,FoxNews,"McCormick and Schmick's manager suing for $999,999 after getting bit by venomous spider https://t.co/cg4Nsa4OdX",-0.2732,0.0,0.139,0.861,57
57,FoxNews,.@Cilla_Presley opens up about Elvis' final days: We 'didn't see it coming' https://t.co/nxN8KLli1v,0.0,0.0,0.0,1.0,58
58,FoxNews,.@BuschBeer returns as 'Official Beer of NASCAR' https://t.co/tpRNLk38V6,0.0,0.0,0.0,1.0,59
59,FoxNews,OPINION: Rep. @MarshaBlackburn: A concrete step in the fight against the opioid epidemic https://t.co/qjcGnEBkkY,-0.3818,0.0,0.178,0.822,60
60,FoxNews,Teacher Put on Paid Leave for Questioning Student Walkout: School 'Basically Targeted Me' https://t.co/uoglil0eaF,-0.4404,0.0,0.308,0.692,61
61,FoxNews,Do you agree with Jeff Flake? https://t.co/AcImkcglCc https://t.co/tEOZ8LI4yE,0.3612,0.263,0.0,0.737,62
62,FoxNews,".@RepAndyBiggsAZ: ""[@SecShulkin] has not demonstrated the leadership for the culture change we need."" https://t.co/NEO0Ra5b22",0.0,0.0,0.0,1.0,63
63,FoxNews,Student with 'Trump' flag assaulted by mob during National School Walkout (via @calebparke) https://t.co/nUYFDtxilg,-0.6908,0.0,0.322,0.678,64
64,FoxNews,"Amidst reports of @DonaldJTrumpJr's divorce, former first daughter @ChelseaClinton sent a message in defense of Pre‚Ä¶ https://t.co/jJq1Tmp79m",0.128,0.091,0.0,0.909,65
65,FoxNews,Trump Administration hits Russia with new sanctions. https://t.co/ZJwbdX4EUA https://t.co/n3fRQPWbKv,0.0,0.0,0.0,1.0,66
66,FoxNews,Illegal immigrant acquitted in Steinle killing accuses feds of 'vindictive prosecution' https://t.co/Ng89dqvIio,-0.9118,0.088,0.602,0.31,67
67,FoxNews,"BREAKING NEWS: Rep. Louise Slaughter, D-NY, dead at 88, according to local reports https://t.co/6lIMIMsssA https://t.co/j686jhx5qX",-0.6486,0.0,0.235,0.765,68
68,FoxNews,"Moments ago, President @realDonaldTrump tweeted his condolences for the seven military personnel who were killed ab‚Ä¶ https://t.co/q7YtJaCv2R",-0.6705,0.0,0.22,0.78,69
69,FoxNews,".@RepPeteKing: ""The Trump Administration has been taking pretty strong action against Russia."" https://t.co/kzbCLINeJM",0.7579,0.371,0.0,0.629,70
70,FoxNews,"BREAKING NEWS: Rep. Louise Slaughter, D-NY, dead at 88, according to local reports
https://t.co/YfFwGkOBrU",-0.6486,0.0,0.249,0.751,71
71,FoxNews,"Companies behind Florida bridge collapse have history of fines, failures, lawsuits https://t.co/sRjCSGfMr2",-0.7783,0.0,0.464,0.536,72
72,FoxNews,60-year-old snowmobiler survives four nights in Utah wilderness without food or water (via @JaninePuhak) https://t.co/vVq5qkXJph,0.0,0.0,0.0,1.0,73
73,FoxNews,Officials give an update on Miami bridge collapse  https://t.co/g1ME7Bnjaw,-0.4939,0.0,0.286,0.714,74
74,FoxNews,"Happening Now: Awaiting update on Miami bridge collapse - For full live coverage, tune in to Fox News Channel. https://t.co/eR4KPNXYQC",-0.4939,0.0,0.151,0.849,75
75,FoxNews,".@VP Mike Pence and @SecondLady Karen Pence welcome Irish Prime Minister Leo Varadkar, left, to the U.S. Naval Obse‚Ä¶ https://t.co/9OOPL9nTub",0.4588,0.136,0.0,0.864,76
76,FoxNews,"Hannity: Trump's Tough Policy on Russia Stands in Stark Contrast With Obama's
https://t.co/05o8H6qjCh",-0.128,0.0,0.111,0.889,77
77,FoxNews,"Millennials aren‚Äôt investing in the markets. Here‚Äôs why.
 https://t.co/zHJsdi0xga",0.0,0.0,0.0,1.0,78
78,FoxNews,7 killed in U.S. military helicopter crash. https://t.co/4uiE1WhNpr https://t.co/3y0nBBX9gv,-0.802,0.0,0.545,0.455,79
79,FoxNews,"Arm homeless with shotguns to reduce crime, US Senate hopeful says https://t.co/tlpg4hiYxK",-0.0516,0.196,0.208,0.595,80
80,FoxNews,"Florida bridge collapse seemed 'like a bomb had exploded,' witness says; another recounts bloodied boy 'begging' fo‚Ä¶ https://t.co/LasJEwo6QO",-0.5994,0.109,0.279,0.611,81
81,FoxNews,Killer bee attack sends A.J. Foyt to the hospital https://t.co/IWgWsodcni,-0.8126,0.0,0.481,0.519,82
82,FoxNews,Russia promises to retaliate against U.S. over new sanctions. https://t.co/RbUD81w3Jy,0.3818,0.224,0.0,0.776,83
83,FoxNews,Aaron Hernandez's attorney says in new docu-series ex-NFL player's 'final days were happy days' https://t.co/5JabNteGtz,0.5719,0.209,0.0,0.791,84
84,FoxNews,".@NancyPelosi: Trump's Proposed Border Wall Is Too High, 'Obnoxious' in a Civilized Society https://t.co/ietDpZuv8t",0.0,0.0,0.0,1.0,85
85,FoxNews,SHE SAID YES: A Georgia police officer surprised his girlfriend by popping the question amid a group of children du‚Ä¶ https://t.co/XpXtdD6d4Q,0.6523,0.239,0.0,0.761,86
86,FoxNews,An early morning runner heads past the Vietnam War Memorial toward the Washington Monument at daybreak. https://t.co/8Sz8bW4P2r,-0.5994,0.0,0.196,0.804,87
87,FoxNews,"Julianne Benzel: ""Would they still give the same courtesy to another group of students who wanted to get up and wal‚Ä¶ https://t.co/bAEmSDfMl6",0.3612,0.106,0.0,0.894,88
88,FoxNews,"On @foxandfriends, @AlanDersh called out the many Democrats who have associations with Louis Farrakhan.‚Ä¶ https://t.co/7Q8FMAk27f",0.0,0.0,0.0,1.0,89
89,FoxNews,Do you agree with Jeff Flake? https://t.co/AcImkcglCc https://t.co/Ti4DwffeqO,0.3612,0.263,0.0,0.737,90
90,FoxNews,"On @foxandfriends, @real_jamielshaw, a father whose son was killed by an illegal immigrant, called for Oakland Mayo‚Ä¶ https://t.co/mSq0wYIO71",-0.8442,0.0,0.351,0.649,91
91,FoxNews,"RT @FoxBusiness: .@peterthiel on Silicon Valley: ""Somehow we've gotten to a point where perhaps the negatives are greater than the positive‚Ä¶",0.3612,0.116,0.0,0.884,92
92,FoxNews,"RT @FoxBusiness: .@peterthiel on Silicon Valley: ""They're in a sort of totalitarian place... I think somehow Silicon Valley shifted from be‚Ä¶",-0.5256,0.0,0.159,0.841,93
93,FoxNews,'Coerced' student walkout in Chicago is 'political indoctrination:' GOP chair https://t.co/GYsIfq5UUy,-0.3182,0.0,0.187,0.813,94
94,FoxNews,"Diane Piagentini, murdered NYPD officer's widow: ""With this decision, it's like, how do I tell my grandchildren?...‚Ä¶ https://t.co/eLxDJ06rs2",-0.4404,0.114,0.201,0.685,95
95,FoxNews,Calif. judge bars LA from enforcing gang restrictions that authorities credited with reducing crime https://t.co/qTjglPVQum,-0.25,0.132,0.184,0.684,96
96,FoxNews,".@AlanDersh: ""We don't have affirmative action when it comes to bigotry. Whether you're black or white, you cannot‚Ä¶ https://t.co/PxPJDOdVIg",0.0,0.0,0.0,1.0,97
97,FoxNews,".@kelseyjharkness: ""When [@TheDemocrats] run out of things to say, they go to these terms like 'sexism' and 'racism‚Ä¶ https://t.co/4zxTLq6Gli",0.3612,0.122,0.0,0.878,98
98,FoxNews,".@AlanDersh: ""They obviously have not been able to build a case based on the alleged obstruction of justice because‚Ä¶ https://t.co/5ek7FZz027",0.5267,0.159,0.0,0.841,99
99,FoxNews,".@AlanDersh: ""Race is no excuse. We don't have affirmative action when it comes to bigotry. Whether you're black or‚Ä¶ https://t.co/jZw3Ttye0x",-0.2263,0.06,0.102,0.837,100
